OID,param,emissions
7,Total,10.758646
9,Total,27.11061
11,Total,20.022405
12,Total,9.174595
14,Total,24.157533
15,Total,8.950189
17,Total,16.322803
18,Total,0
20,Total,18.245931
21,Total,16.763933
22,Total,0.176008
24,Total,20.899576
25,Total,9.267971
26,Total,0.88519
27,Total,0.099582
28,Total,0.564264
30,Total,12.895425
31,Total,10.544925
32,Total,4.679623
33,Total,2.919663
34,Total,0.91141
35,Total,0.588549
36,Total,0.15485
39,Total,12.525153
40,Total,9.98625
41,Total,10.034373
42,Total,1.918841
43,Total,0.806442
44,Total,1.272391
45,Total,0.229841
46,Total,0.494843
49,Total,37.65821
50,Total,10.127607
51,Total,7.83086
52,Total,2.346574
53,Total,1.912393
54,Total,2.525432
55,Total,1.694585
56,Total,0.291381
57,Total,0.530678
62,Total,48.930641
63,Total,5.98914
64,Total,15.939365
65,Total,1.942633
66,Total,3.211471
67,Total,4.370089
68,Total,1.597032
69,Total,0.207537
70,Total,0.413596
71,Total,16.030441
79,Total,16.768211
80,Total,20.947406
81,Total,7.694455
82,Total,4.114775
83,Total,2.510086
84,Total,3.211471
85,Total,4.370089
86,Total,1.597032
87,Total,0.207537
88,Total,0.413596
89,Total,0.008472
91,Total,0
92,Total,0.712526
94,Total,1.259937
95,Total,0.795159
97,Total,1.449957
106,Total,16.768211
107,Total,20.947406
108,Total,7.694455
109,Total,4.114775
110,Total,2.510086
111,Total,2.46766
112,Total,3.065526
113,Total,1.969199
114,Total,0.409494
115,Total,1.005062
118,Total,0.922853
119,Total,1.274779
120,Total,0.832949
121,Total,0
124,Total,0.186283
125,Total,1.790961
126,Total,2.770158
129,Total,51.087158
130,Total,32.865234
140,Total,7.785631
141,Total,12.335723
142,Total,12.920858
143,Total,9.063586
144,Total,1.148228
145,Total,1.124607
146,Total,2.033762
147,Total,0.410864
148,Total,1.56554
151,Total,0.922853
152,Total,1.274779
153,Total,0.832949
154,Total,0
157,Total,0.186283
158,Total,1.790961
159,Total,2.770158
163,Total,51.087158
164,Total,32.865234
173,Total,92.187271
174,Total,7.780116
175,Total,13.810547
176,Total,3.039649
177,Total,2.371487
178,Total,0.764267
179,Total,0.74348
180,Total,0.600043
181,Total,0.513546
182,Total,0.482123
183,Total,0.188643
184,Total,9.691337
185,Total,1.970881
186,Total,0
187,Total,1.21916
188,Total,0
189,Total,0.821704
191,Total,2.271157
192,Total,1.731614
193,Total,2.19875
197,Total,29.710622
198,Total,40.534305
199,Total,32.085803
200,Total,28.518016
201,Total,23.86555
202,Total,8.366885
209,Total,15.428261
210,Total,7.025437
211,Total,4.938013
212,Total,3.086486
213,Total,1.360434
214,Total,1.896589
215,Total,1.60757
216,Total,1.730926
217,Total,0.887232
218,Total,0.110205
219,Total,10.963039
220,Total,1.756736
221,Total,1.507881
222,Total,0
223,Total,0.990087
224,Total,0.947046
225,Total,0.449669
226,Total,1.887127
227,Total,1.520818
228,Total,2.712705
230,Total,40.419361
231,Total,33.979293
232,Total,30.493152
233,Total,44.328739
234,Total,41.870059
237,Total,32.658466
238,Total,28.793344
239,Total,29.197797
246,Total,10.499803
247,Total,7.701428
248,Total,9.324829
249,Total,7.819197
250,Total,1.671476
251,Total,2.498705
252,Total,1.859568
253,Total,1.20463
254,Total,21.504325
255,Total,3.004164
256,Total,1.362401
257,Total,1.741202
258,Total,1.254573
259,Total,0
260,Total,0.57628
261,Total,1.806332
262,Total,0
263,Total,3.193354
264,Total,6.257818
265,Total,36.509952
266,Total,40.195461
267,Total,49.580646
268,Total,3.929249
269,Total,41.953277
270,Total,26.820035
271,Total,30.87508
272,Total,21.249063
273,Total,33.636119
274,Total,33.241298
275,Total,27.204015
281,Total,9.956885
282,Total,5.325631
283,Total,10.349575
284,Total,5.565659
285,Total,2.014179
286,Total,1.850305
287,Total,2.09994
288,Total,1.570746
289,Total,0.905703
290,Total,1.748592
291,Total,0
292,Total,73.017814
293,Total,6.897163
294,Total,3.874187
295,Total,3.727576
296,Total,3.688924
297,Total,0
298,Total,0.796072
299,Total,1.727244
300,Total,2.710194
301,Total,7.899767
302,Total,0
303,Total,17.116247
304,Total,3.347175
305,Total,49.417072
306,Total,50.19279
307,Total,47.776824
308,Total,36.238548
309,Total,36.340572
311,Total,14.455236
312,Total,38.891933
313,Total,32.989635
315,Total,77.660461
317,Total,74.05632
321,Total,10.081704
322,Total,9.531834
323,Total,10.735402
324,Total,5.630722
325,Total,2.46133
326,Total,3.098876
327,Total,1.485878
328,Total,0.479972
329,Total,0.786086
330,Total,73.34439
331,Total,5.251602
332,Total,5.668803
333,Total,4.992938
334,Total,4.708101
335,Total,3.308779
336,Total,1.935357
337,Total,1.759441
338,Total,2.302093
339,Total,3.188936
340,Total,16.935367
341,Total,20.388359
342,Total,10.817886
343,Total,57.954349
344,Total,25.058408
345,Total,2.84449
346,Total,35.768749
347,Total,34.980033
348,Total,39.9948
349,Total,49.239898
351,Total,36.942253
352,Total,24.384469
356,Total,81.900627
360,Total,11.945061
361,Total,7.417798
362,Total,4.156355
363,Total,3.352991
364,Total,1.711458
365,Total,2.30268
366,Total,0.984614
367,Total,1.04895
368,Total,0.887827
369,Total,85.215408
370,Total,90.320037
371,Total,8.873894
372,Total,10.2246
373,Total,10.774435
374,Total,4.528626
375,Total,4.476111
376,Total,1.432144
377,Total,1.634055
378,Total,0
379,Total,9.149814
380,Total,15.715625
381,Total,28.008783
382,Total,19.393417
383,Total,28.165765
384,Total,24.485885
385,Total,52.866756
386,Total,30.333044
387,Total,28.290079
388,Total,21.160085
389,Total,21.265529
390,Total,21.899791
391,Total,34.670631
392,Total,20.429882
396,Total,67.254875
405,Total,64.187904
406,Total,4.83628
407,Total,5.854984
408,Total,6.190708
409,Total,1.955708
410,Total,1.152877
411,Total,2.36681
412,Total,1.235678
413,Total,0.815249
414,Total,88.695533
415,Total,90.178009
416,Total,8.039355
417,Total,8.256707
418,Total,10.237956
419,Total,4.661896
420,Total,6.555458
421,Total,3.909378
422,Total,6.688
423,Total,10.992769
424,Total,13.870239
425,Total,18.62054
426,Total,21.416496
427,Total,16.967491
428,Total,42.76081
429,Total,24.488002
430,Total,20.258714
431,Total,44.542053
432,Total,32.854953
433,Total,24.542066
434,Total,25.661518
435,Total,9.962129
436,Total,29.699064
437,Total,24.357887
445,Total,12.795155
446,Total,30.71043
449,Total,17.898481
450,Total,13.651837
451,Total,8.297086
452,Total,7.049072
453,Total,5.694003
454,Total,1.172105
455,Total,2.006034
456,Total,1.687907
457,Total,1.017103
458,Total,2.496327
459,Total,99.967308
460,Total,117.489265
461,Total,8.550554
462,Total,8.313636
463,Total,11.708292
464,Total,19.027748
466,Total,2.78521
467,Total,5.020949
468,Total,5.064319
469,Total,7.370326
470,Total,20.476095
471,Total,20.890607
472,Total,11.808347
473,Total,19.657852
474,Total,25.243776
475,Total,17.327198
476,Total,21.605279
477,Total,28.12198
478,Total,4.071571
479,Total,25.203294
480,Total,14.124984
481,Total,28.301694
486,Total,12.585916
487,Total,0
490,Total,16.782035
493,Total,13.975331
494,Total,7.893674
495,Total,8.417578
496,Total,5.789464
497,Total,4.711991
498,Total,13.674071
499,Total,19.446969
500,Total,6.34874
501,Total,2.243634
502,Total,1.896116
503,Total,1.76571
504,Total,134.227325
505,Total,8.399033
507,Total,17.196271
508,Total,17.726554
509,Total,7.187479
511,Total,16.856046
512,Total,7.562214
513,Total,10.945569
514,Total,11.337251
515,Total,8.91413
516,Total,19.483041
517,Total,18.001106
518,Total,21.014659
519,Total,15.615636
520,Total,10.362586
521,Total,17.835256
522,Total,26.905929
523,Total,25.354501
525,Total,62.678382
526,Total,46.740489
529,Total,8.609038
530,Total,31.392467
531,Total,33.358489
532,Total,23.810285
537,Total,27.870697
538,Total,8.154367
539,Total,9.114915
540,Total,6.643075
541,Total,8.289113
542,Total,4.89282
543,Total,3.464453
545,Total,1.575303
546,Total,3.498301
547,Total,2.251994
548,Total,2.1082
549,Total,130.846862
550,Total,15.345532
551,Total,9.212262
552,Total,6.153732
553,Total,11.501262
554,Total,7.51737
555,Total,5.485096
556,Total,2.766956
557,Total,10.329294
558,Total,15.275728
559,Total,14.199753
560,Total,12.429802
561,Total,20.903726
562,Total,24.132936
563,Total,15.604062
564,Total,13.359686
565,Total,15.650999
566,Total,29.099445
567,Total,28.444538
568,Total,28.151191
569,Total,11.254948
570,Total,49.268314
573,Total,9.528254
574,Total,11.009032
575,Total,41.400943
576,Total,23.94314
577,Total,33.657409
581,Total,20.41732
582,Total,5.801416
583,Total,8.044713
584,Total,6.369048
585,Total,8.431751
586,Total,1.914641
587,Total,4.708782
588,Total,3.464453
590,Total,1.575303
591,Total,3.498301
592,Total,2.251994
593,Total,116.110908
594,Total,116.502952
595,Total,7.014049
596,Total,12.691049
597,Total,10.882287
598,Total,10.260431
599,Total,7.933009
600,Total,6.620069
601,Total,43.667152
602,Total,14.889583
603,Total,15.978507
604,Total,29.404129
605,Total,15.570396
606,Total,20.949012
607,Total,18.34431
608,Total,23.896034
609,Total,27.93828
610,Total,12.6631
611,Total,18.505182
612,Total,9.138906
613,Total,4.035433
614,Total,53.338752
616,Total,8.814885
617,Total,10.923792
618,Total,47.814853
619,Total,23.730093
620,Total,15.591484
621,Total,32.239589
622,Total,27.465158
623,Total,9.525558
624,Total,13.887745
625,Total,5.121032
626,Total,5.801416
627,Total,8.044713
628,Total,6.369048
629,Total,8.431751
630,Total,1.914641
631,Total,4.708782
632,Total,3.786766
633,Total,6.138242
634,Total,3.854218
635,Total,3.1995
636,Total,1.537403
637,Total,116.110908
638,Total,116.502952
639,Total,7.014049
640,Total,12.691049
641,Total,7.599503
642,Total,14.232054
643,Total,13.089744
644,Total,9.940765
645,Total,45.690464
646,Total,5.728848
647,Total,10.244447
648,Total,8.353359
649,Total,5.540453
650,Total,6.50822
651,Total,15.735324
652,Total,18.37561
653,Total,22.282409
654,Total,13.159826
655,Total,19.205625
656,Total,58.435157
657,Total,44.044399
658,Total,6.265023
660,Total,8.814885
661,Total,10.923792
662,Total,47.814853
663,Total,23.730093
664,Total,15.591484
665,Total,32.239589
666,Total,27.465158
667,Total,9.525558
668,Total,13.887745
669,Total,5.121032
670,Total,6.964194
671,Total,5.68254
672,Total,15.221171
673,Total,6.550632
674,Total,1.935748
675,Total,7.99956
676,Total,7.045329
677,Total,1.969213
678,Total,2.100912
679,Total,1.981757
680,Total,2.574108
681,Total,183.428588
682,Total,121.943222
683,Total,15.715123
684,Total,14.926097
685,Total,17.501688
686,Total,7.599503
687,Total,14.232054
688,Total,13.089744
689,Total,9.940765
690,Total,45.690464
691,Total,5.728848
692,Total,10.244447
693,Total,8.353359
694,Total,5.540453
695,Total,6.50822
696,Total,15.735324
697,Total,18.37561
698,Total,22.282409
699,Total,13.159826
700,Total,19.205625
701,Total,58.435157
702,Total,44.044399
703,Total,6.265023
705,Total,47.860607
706,Total,30.17583
707,Total,32.214435
708,Total,42.587642
709,Total,20.816043
710,Total,44.615863
711,Total,21.656568
712,Total,13.545236
713,Total,17.379783
714,Total,6.886685
715,Total,5.269743
716,Total,6.1345
717,Total,13.539638
718,Total,13.792144
719,Total,2.125524
720,Total,8.186682
721,Total,5.01545
723,Total,2.963958
724,Total,2.336091
725,Total,4.720829
726,Total,191.446456
727,Total,23.482135
728,Total,21.798959
729,Total,17.204055
730,Total,14.887612
731,Total,11.177295
732,Total,13.956866
733,Total,20.168512
734,Total,6.713485
735,Total,8.296046
736,Total,6.064335
737,Total,5.907661
738,Total,6.901764
739,Total,4.300394
740,Total,7.845225
741,Total,7.890835
742,Total,16.718502
743,Total,23.453268
744,Total,20.927104
745,Total,18.008115
746,Total,26.964038
747,Total,15.786047
749,Total,21.243953
750,Total,22.164913
751,Total,28.385227
752,Total,35.048332
753,Total,9.622225
754,Total,18.861587
755,Total,23.324565
756,Total,14.268301
757,Total,17.584018
758,Total,17.867475
759,Total,7.277079
760,Total,12.696934
761,Total,5.69091
762,Total,5.021832
763,Total,5.166082
764,Total,2.825546
765,Total,11.805737
766,Total,4.977107
767,Total,8.77628
768,Total,4.192008
769,Total,2.907979
770,Total,197.511291
771,Total,137.440994
772,Total,20.447517
773,Total,12.041205
774,Total,14.632826
775,Total,12.388289
776,Total,14.449337
777,Total,8.746621
778,Total,9.876785
779,Total,10.388738
780,Total,8.449342
781,Total,9.740073
782,Total,5.920952
783,Total,5.756383
784,Total,7.269323
785,Total,5.481572
786,Total,22.927553
787,Total,21.090675
788,Total,20.945112
789,Total,15.505344
790,Total,17.451416
791,Total,10.927439
793,Total,24.295886
794,Total,19.434467
795,Total,23.019765
796,Total,19.426561
797,Total,9.448642
798,Total,11.022715
799,Total,30.988145
800,Total,22.223953
801,Total,20.335382
802,Total,8.633123
803,Total,12.657673
804,Total,12.888659
805,Total,3.769216
806,Total,14.920492
807,Total,9.975989
808,Total,7.847262
809,Total,7.131923
810,Total,4.891623
811,Total,4.271414
812,Total,130.744338
813,Total,18.766
814,Total,17.15031
815,Total,9.926938
816,Total,18.940103
817,Total,15.417665
818,Total,17.945888
819,Total,10.29638
820,Total,10.31857
821,Total,13.358865
822,Total,14.012216
823,Total,5.825482
824,Total,8.016957
825,Total,4.864037
826,Total,6.076681
827,Total,19.671047
828,Total,13.901815
829,Total,18.267686
830,Total,12.806279
831,Total,13.922943
832,Total,7.510981
834,Total,23.510097
835,Total,23.28359
836,Total,20.702184
837,Total,23.828409
838,Total,8.469134
839,Total,6.913018
840,Total,26.607919
841,Total,24.992652
842,Total,15.110465
843,Total,6.77716
844,Total,7.866873
845,Total,20.876646
846,Total,8.90831
847,Total,6.73954
848,Total,7.177803
849,Total,12.393195
850,Total,5.17453
851,Total,23.334217
852,Total,25.474912
853,Total,112.330596
854,Total,126.533866
855,Total,16.987613
856,Total,18.207191
857,Total,15.518096
858,Total,14.909429
859,Total,20.853294
860,Total,15.972684
861,Total,11.108913
862,Total,10.430797
863,Total,13.679378
864,Total,7.055171
865,Total,6.452319
866,Total,5.370324
867,Total,7.279065
868,Total,8.749548
869,Total,14.19519
870,Total,11.823435
871,Total,18.142465
872,Total,16.775423
873,Total,53.521354
874,Total,47.1772
875,Total,38.048496
876,Total,25.99761
877,Total,23.966316
878,Total,12.055524
879,Total,9.873994
880,Total,6.360531
881,Total,7.772838
882,Total,28.041587
883,Total,30.774211
884,Total,17.019445
885,Total,92.362449
886,Total,6.082314
887,Total,7.072339
888,Total,4.225893
889,Total,11.226475
890,Total,9.686382
891,Total,7.374481
892,Total,5.60907
893,Total,2.064062
894,Total,1.866839
895,Total,28.621141
896,Total,26.885795
897,Total,15.463093
898,Total,14.428749
899,Total,16.949714
900,Total,17.078433
901,Total,13.862073
902,Total,16.900615
903,Total,19.648534
904,Total,14.827011
905,Total,13.807581
906,Total,13.99927
907,Total,9.913143
908,Total,15.684822
909,Total,6.60375
910,Total,5.19397
911,Total,4.740585
912,Total,5.657296
913,Total,15.255367
914,Total,24.335092
915,Total,16.513568
916,Total,7.429736
917,Total,5.356253
920,Total,8.623371
921,Total,11.109886
922,Total,12.560699
923,Total,13.644178
924,Total,18.486133
925,Total,6.53283
926,Total,6.845878
927,Total,22.160715
928,Total,11.420084
929,Total,4.670109
930,Total,5.487954
931,Total,5.679941
932,Total,4.091588
933,Total,8.226104
934,Total,5.75471
935,Total,3.041509
936,Total,1.470956
937,Total,2.293126
938,Total,28.813714
939,Total,14.635748
940,Total,15.794762
941,Total,11.210157
942,Total,5.972563
943,Total,11.204067
944,Total,13.71348
945,Total,17.561214
946,Total,17.563154
947,Total,15.424711
948,Total,17.440431
949,Total,8.955831
950,Total,8.248636
951,Total,12.030021
952,Total,7.618819
953,Total,17.163352
954,Total,19.893529
955,Total,19.446531
956,Total,7.613387
957,Total,7.567595
960,Total,6.627815
961,Total,9.312794
962,Total,8.75913
963,Total,10.22353
964,Total,10.312664
965,Total,16.810245
966,Total,16.74439
967,Total,20.939313
968,Total,76.930358
969,Total,19.911596
970,Total,6.72985
971,Total,6.751111
972,Total,5.392184
973,Total,3.092254
974,Total,5.295336
975,Total,2.513327
976,Total,2.557505
977,Total,2.20294
978,Total,2.067504
979,Total,25.953384
980,Total,23.453638
981,Total,16.524744
982,Total,9.540225
983,Total,9.068504
984,Total,14.322367
985,Total,16.560386
986,Total,17.649461
987,Total,14.604072
988,Total,9.310209
989,Total,18.305765
990,Total,8.372586
991,Total,8.226225
992,Total,9.608173
993,Total,10.021566
994,Total,16.44329
995,Total,17.445644
998,Total,9.736227
999,Total,4.319859
1000,Total,8.216051
1001,Total,6.732761
1002,Total,12.138968
1003,Total,7.161841
1004,Total,7.931496
1005,Total,9.147547
1006,Total,11.319997
1007,Total,13.441596
1008,Total,62.214778
1009,Total,38.798618
1010,Total,5.896888
1011,Total,3.116844
1012,Total,1.256935
1013,Total,0.810853
1014,Total,0.96734
1015,Total,1.63399
1016,Total,28.473531
1017,Total,16.075183
1018,Total,10.020556
1019,Total,13.566157
1020,Total,11.732637
1021,Total,14.678059
1022,Total,14.102187
1023,Total,8.752163
1024,Total,12.189653
1025,Total,15.391324
1026,Total,9.019595
1027,Total,10.628149
1028,Total,9.704555
1029,Total,12.570323
1030,Total,11.225034
1031,Total,13.459643
1032,Total,16.036548
1035,Total,8.230179
1036,Total,8.94618
1037,Total,8.576339
1038,Total,16.949699
1039,Total,19.49019
1040,Total,7.058519
1041,Total,7.221518
1042,Total,10.8864
1043,Total,17.141223
1044,Total,14.608171
1045,Total,16.915063
1046,Total,21.836771
1047,Total,21.245754
1048,Total,4.590389
1049,Total,3.527522
1050,Total,0.613885
1051,Total,0.421937
1052,Total,0.445142
1053,Total,0.479544
1054,Total,20.620748
1055,Total,19.704893
1056,Total,16.269948
1057,Total,11.919143
1058,Total,10.174449
1059,Total,14.789214
1060,Total,16.123422
1061,Total,16.205801
1062,Total,15.409891
1063,Total,15.859313
1064,Total,13.245729
1065,Total,10.855722
1066,Total,9.124393
1067,Total,8.511999
1068,Total,17.645866
1069,Total,11.158799
1070,Total,7.84917
1072,Total,16.639225
1073,Total,16.610132
1074,Total,7.662077
1075,Total,7.674354
1076,Total,13.987933
1077,Total,63.562091
1078,Total,43.621433
1079,Total,13.744098
1080,Total,6.127233
1081,Total,9.479997
1082,Total,14.480423
1083,Total,15.247029
1084,Total,17.327957
1085,Total,24.428323
1086,Total,3.907402
1087,Total,1.852481
1088,Total,0.654882
1089,Total,0.552334
1090,Total,0.576638
1091,Total,0.76298
1092,Total,22.631267
1093,Total,22.274221
1094,Total,19.109285
1095,Total,18.787998
1096,Total,20.069864
1097,Total,18.510692
1098,Total,22.470724
1099,Total,23.885278
1100,Total,11.964068
1101,Total,12.393762
1102,Total,10.315568
1103,Total,9.742738
1104,Total,8.81759
1105,Total,14.671785
1106,Total,12.926975
1107,Total,4.868151
1110,Total,13.643792
1111,Total,6.43234
1112,Total,7.282571
1113,Total,14.47369
1114,Total,212.752212
1116,Total,54.981334
1117,Total,10.700613
1118,Total,13.692358
1119,Total,9.029009
1120,Total,16.289325
1121,Total,22.30672
1122,Total,21.677778
1123,Total,22.361072
1124,Total,2.728732
1125,Total,1.852481
1126,Total,0.654882
1127,Total,0.552334
1128,Total,0.576638
1129,Total,22.631267
1130,Total,15.710221
1131,Total,20.140211
1132,Total,24.215423
1133,Total,19.022001
1134,Total,19.502637
1135,Total,23.924942
1136,Total,22.86034
1137,Total,11.205713
1138,Total,11.610483
1139,Total,7.624406
1140,Total,6.823551
1141,Total,14.504673
1142,Total,10.258584
1143,Total,8.492849
1144,Total,4.786285
1145,Total,12.448184
1146,Total,7.318405
1147,Total,11.246601
1148,Total,18.260709
1149,Total,11.332591
1150,Total,22.907119
1152,Total,264.741027
1153,Total,16.325458
1154,Total,16.093559
1155,Total,13.719274
1156,Total,8.935984
1157,Total,9.514053
1158,Total,8.69697
1159,Total,19.249603
1160,Total,27.152454
1161,Total,13.826184
1162,Total,2.728732
1163,Total,1.491845
1164,Total,1.239816
1165,Total,1.644834
1166,Total,23.684648
1167,Total,15.710221
1168,Total,20.140211
1169,Total,24.215423
1170,Total,19.022001
1171,Total,19.502637
1172,Total,23.924942
1173,Total,22.86034
1174,Total,11.205713
1175,Total,11.610483
1176,Total,7.624406
1177,Total,6.823551
1178,Total,14.504673
1179,Total,10.258584
1180,Total,7.297206
1181,Total,6.889158
1182,Total,7.227671
1183,Total,8.991793
1184,Total,12.033541
1185,Total,7.363006
1186,Total,11.332591
1187,Total,22.907119
1189,Total,264.741027
1190,Total,16.325458
1191,Total,16.093559
1192,Total,13.719274
1193,Total,8.935984
1194,Total,9.514053
1195,Total,8.69697
1196,Total,19.249603
1197,Total,27.152454
1198,Total,13.826184
1199,Total,26.031227
1200,Total,17.413227
1201,Total,20.591434
1202,Total,20.755657
1203,Total,21.251737
1204,Total,16.028917
1205,Total,17.947685
1206,Total,8.277074
1207,Total,12.2832
1208,Total,7.600567
1209,Total,7.037558
1210,Total,9.351667
1211,Total,7.586447
1212,Total,7.297206
1213,Total,6.889158
1214,Total,7.227671
1215,Total,8.991793
1216,Total,12.033541
1217,Total,7.363006
1218,Total,12.79013
1219,Total,27.864612
1220,Total,85.905578
1221,Total,35.331283
1222,Total,10.711629
1223,Total,14.352716
1224,Total,20.911067
1225,Total,15.723009
1226,Total,9.530347
1227,Total,9.077896
1228,Total,12.596276
1229,Total,8.359799
1230,Total,10.538949
1231,Total,22.767263
1232,Total,15.463618
1233,Total,15.230831
1234,Total,20.240678
1235,Total,16.745204
1236,Total,14.973855
1237,Total,5.667627
1238,Total,6.571513
1239,Total,13.298006
1240,Total,6.862389
1241,Total,8.123643
1242,Total,7.844973
1243,Total,3.223069
1244,Total,7.182361
1245,Total,8.802517
1246,Total,8.982738
1247,Total,7.284327
1248,Total,9.68282
1249,Total,12.770423
1250,Total,35.819744
1251,Total,58.631526
1252,Total,20.418167
1253,Total,8.146183
1254,Total,17.57265
1255,Total,24.39134
1256,Total,11.745588
1257,Total,19.722557
1258,Total,24.980281
1259,Total,8.46641
1260,Total,17.30603
1261,Total,7.721889
1262,Total,17.606002
1263,Total,11.169604
1264,Total,26.307228
1265,Total,22.125076
1266,Total,13.009127
1267,Total,12.711685
1268,Total,9.394146
1269,Total,6.727139
1270,Total,11.98856
1271,Total,14.449665
1272,Total,9.407214
1273,Total,15.518693
1274,Total,13.327317
1275,Total,11.22792
1276,Total,7.911262
1277,Total,3.054215
1278,Total,5.973882
1279,Total,7.43063
1280,Total,6.40568
1281,Total,5.419192
1282,Total,5.891508
1283,Total,14.339124
1284,Total,25.606925
1285,Total,26.884838
1286,Total,13.281488
1287,Total,9.111103
1288,Total,8.377367
1289,Total,14.867012
1290,Total,15.092226
1291,Total,17.52705
1292,Total,20.300649
1293,Total,13.535591
1294,Total,14.062447
1295,Total,9.106695
1296,Total,7.700821
1297,Total,25.615819
1298,Total,8.927425
1299,Total,16.653892
1300,Total,19.838106
1301,Total,28.822372
1302,Total,6.177437
1303,Total,5.729836
1304,Total,11.327415
1305,Total,4.572076
1306,Total,9.109491
1307,Total,8.468448
1308,Total,15.509253
1309,Total,13.327227
1310,Total,16.207094
1311,Total,13.866703
1312,Total,13.466012
1313,Total,11.481087
1314,Total,5.337006
1315,Total,11.493543
1316,Total,6.765489
1317,Total,6.739276
1318,Total,7.500207
1319,Total,9.032896
1320,Total,9.605469
1321,Total,6.567672
1322,Total,21.297702
1323,Total,14.49817
1324,Total,8.333926
1325,Total,9.047011
1326,Total,9.350967
1327,Total,23.257938
1328,Total,10.933606
1329,Total,13.153139
1330,Total,7.832661
1331,Total,8.277245
1332,Total,6.453585
1333,Total,13.26563
1334,Total,11.094783
1335,Total,9.463048
1336,Total,8.251832
1337,Total,5.513985
1338,Total,10.146432
1339,Total,14.052384
1340,Total,9.399323
1341,Total,26.052001
1342,Total,15.169284
1343,Total,16.778938
1344,Total,14.247135
1345,Total,19.794422
1346,Total,12.432632
1347,Total,13.690165
1348,Total,9.354089
1349,Total,15.37319
1350,Total,18.930387
1351,Total,19.112285
1352,Total,14.006647
1353,Total,8.361626
1354,Total,5.254074
1355,Total,11.378799
1356,Total,12.632988
1357,Total,6.233129
1358,Total,11.613371
1359,Total,7.43319
1360,Total,8.675477
1361,Total,8.490422
1362,Total,12.966903
1363,Total,7.229959
1364,Total,12.050839
1365,Total,8.256202
1366,Total,10.600831
1367,Total,19.071395
1368,Total,10.869319
1369,Total,4.130845
1370,Total,4.090921
1371,Total,6.961103
1372,Total,9.982127
1373,Total,5.760831
1374,Total,10.419748
1375,Total,10.231859
1376,Total,6.000878
1377,Total,4.861316
1378,Total,10.10425
1379,Total,2.784318
1380,Total,18.038877
1381,Total,20.442268
1382,Total,19.47698
1383,Total,18.928636
1384,Total,21.856367
1385,Total,18.543035
1386,Total,18.201362
1387,Total,11.678041
1388,Total,12.153753
1389,Total,12.747484
1390,Total,13.132134
1391,Total,14.570587
1392,Total,19.749467
1393,Total,12.888857
1394,Total,17.568864
1395,Total,15.775065
1396,Total,7.797208
1397,Total,11.090762
1398,Total,12.416391
1399,Total,11.659016
1400,Total,10.101825
1401,Total,7.936759
1402,Total,12.975004
1403,Total,11.04559
1404,Total,9.53357
1405,Total,13.117849
1406,Total,13.73145
1407,Total,16.965009
1408,Total,12.085333
1409,Total,14.273022
1410,Total,9.032258
1411,Total,3.476938
1412,Total,5.850122
1413,Total,3.182145
1414,Total,7.839762
1415,Total,8.492897
1416,Total,9.19275
1417,Total,5.731835
1418,Total,3.031944
1419,Total,11.906116
1420,Total,4.145016
1421,Total,3.257094
1422,Total,5.060701
1423,Total,24.520778
1424,Total,23.338857
1425,Total,17.240175
1426,Total,8.487316
1427,Total,13.527887
1428,Total,38.170078
1429,Total,14.154185
1430,Total,15.568844
1431,Total,17.315681
1432,Total,9.804349
1433,Total,10.598458
1434,Total,17.383159
1435,Total,14.353923
1436,Total,13.80455
1437,Total,11.325398
1438,Total,19.853481
1439,Total,15.549544
1440,Total,14.800096
1441,Total,13.35124
1442,Total,3.892576
1443,Total,9.140753
1444,Total,10.728602
1445,Total,10.508577
1446,Total,8.39953
1447,Total,7.880597
1448,Total,11.466105
1449,Total,9.705198
1450,Total,13.594489
1451,Total,16.920928
1452,Total,11.910811
1453,Total,16.597789
1454,Total,16.327098
1455,Total,23.032188
1456,Total,12.170391
1457,Total,8.416164
1458,Total,2.635313
1459,Total,2.106981
1460,Total,3.572526
1461,Total,9.456974
1462,Total,7.249135
1463,Total,4.979674
1464,Total,4.476142
1465,Total,4.362454
1466,Total,4.100723
1467,Total,5.324782
1468,Total,4.574773
1469,Total,5.665501
1470,Total,11.740099
1471,Total,17.142751
1472,Total,11.478973
1473,Total,12.203326
1474,Total,13.49605
1475,Total,28.551744
1476,Total,20.474647
1477,Total,16.933752
1478,Total,19.411125
1479,Total,21.273252
1480,Total,10.862855
1481,Total,15.929187
1482,Total,9.973756
1483,Total,10.761092
1484,Total,9.606962
1485,Total,12.476674
1486,Total,20.823196
1487,Total,10.299243
1488,Total,11.283175
1489,Total,17.775978
1490,Total,6.35378
1491,Total,8.461342
1492,Total,17.059326
1493,Total,14.26757
1494,Total,14.972433
1495,Total,12.576213
1496,Total,12.026183
1497,Total,9.434146
1498,Total,20.439941
1499,Total,10.075112
1500,Total,9.410113
1501,Total,10.564524
1502,Total,17.683292
1503,Total,22.945812
1504,Total,11.658939
1505,Total,2.932336
1506,Total,2.679513
1507,Total,3.391625
1508,Total,2.993679
1509,Total,4.018878
1510,Total,4.207023
1511,Total,6.296173
1512,Total,10.985733
1513,Total,11.449265
1514,Total,11.059866
1515,Total,5.061652
1516,Total,6.025252
1517,Total,4.026134
1518,Total,2.357851
1519,Total,8.484703
1520,Total,6.520282
1521,Total,11.382137
1522,Total,13.63262
1523,Total,13.772533
1524,Total,11.102478
1525,Total,22.577535
1526,Total,32.26987
1527,Total,30.349155
1528,Total,43.474288
1529,Total,44.104103
1530,Total,20.735527
1531,Total,22.685333
1532,Total,8.655908
1533,Total,14.396328
1534,Total,19.961841
1535,Total,16.4489
1536,Total,18.819215
1537,Total,14.924803
1538,Total,15.616367
1539,Total,4.38335
1540,Total,2.867003
1541,Total,34.67863
1542,Total,39.744926
1543,Total,8.123686
1544,Total,6.869716
1545,Total,12.641616
1546,Total,13.278702
1547,Total,13.133286
1548,Total,20.000833
1549,Total,14.429265
1550,Total,16.084238
1551,Total,10.384811
1552,Total,11.632455
1553,Total,9.808713
1554,Total,6.981843
1555,Total,1.832175
1556,Total,2.515738
1557,Total,3.322667
1558,Total,3.712313
1559,Total,5.361562
1560,Total,3.98443
1561,Total,4.724386
1562,Total,4.60387
1563,Total,10.728763
1564,Total,5.629343
1565,Total,5.488082
1566,Total,3.984438
1567,Total,7.91611
1568,Total,3.250072
1569,Total,9.817571
1570,Total,7.46019
1571,Total,17.411775
1572,Total,8.296113
1573,Total,17.180377
1574,Total,21.180873
1575,Total,19.675756
1576,Total,19.052804
1577,Total,23.894393
1578,Total,31.2985
1579,Total,43.165077
1580,Total,48.623046
1581,Total,49.981636
1582,Total,21.295267
1583,Total,22.843004
1584,Total,16.47001
1585,Total,21.598031
1586,Total,17.009353
1587,Total,27.819162
1588,Total,21.539403
1589,Total,20.129402
1590,Total,10.442639
1591,Total,2.524575
1592,Total,10.605623
1593,Total,41.661979
1594,Total,8.532787
1595,Total,7.944913
1596,Total,7.282541
1597,Total,18.490871
1598,Total,11.085849
1599,Total,15.42663
1600,Total,20.527423
1601,Total,16.805044
1602,Total,16.421852
1603,Total,13.408081
1604,Total,8.788157
1605,Total,5.492008
1606,Total,7.680376
1607,Total,4.0237
1608,Total,1.507566
1609,Total,1.773699
1610,Total,3.068711
1611,Total,3.78976
1612,Total,2.972063
1613,Total,4.841851
1614,Total,7.142045
1615,Total,6.852589
1616,Total,3.193881
1617,Total,4.709298
1618,Total,5.834632
1619,Total,2.213943
1620,Total,3.854388
1621,Total,9.725696
1622,Total,7.46019
1623,Total,17.411775
1624,Total,8.296113
1625,Total,12.484288
1626,Total,26.002687
1627,Total,11.978714
1628,Total,13.63058
1629,Total,22.500785
1630,Total,32.260292
1631,Total,31.371524
1632,Total,31.844888
1633,Total,21.208629
1634,Total,18.884077
1635,Total,21.602909
1636,Total,19.908054
1637,Total,21.382274
1638,Total,8.227584
1639,Total,6.260081
1640,Total,26.252813
1641,Total,22.300291
1642,Total,11.769754
1643,Total,2.60895
1644,Total,7.529475
1645,Total,20.86276
1646,Total,8.701083
1647,Total,6.19459
1648,Total,4.65371
1649,Total,29.249588
1650,Total,25.648635
1651,Total,14.613487
1652,Total,12.116211
1653,Total,10.832384
1654,Total,12.496924
1655,Total,8.022644
1656,Total,5.552529
1657,Total,5.136809
1658,Total,7.07438
1659,Total,3.044503
1660,Total,1.686001
1661,Total,2.351806
1662,Total,2.918429
1663,Total,3.535788
1664,Total,3.938241
1665,Total,4.391331
1666,Total,4.674339
1667,Total,6.852589
1668,Total,3.193881
1669,Total,4.709298
1670,Total,5.834632
1671,Total,2.213943
1672,Total,3.854388
1673,Total,9.725696
1674,Total,19.82624
1675,Total,11.651564
1676,Total,12.484288
1677,Total,26.002687
1678,Total,11.978714
1679,Total,13.63058
1680,Total,22.500785
1681,Total,32.260292
1682,Total,31.371524
1683,Total,31.844888
1684,Total,27.982093
1685,Total,23.773302
1686,Total,19.906162
1687,Total,23.792869
1688,Total,20.930568
1689,Total,23.427442
1690,Total,11.769461
1691,Total,23.90006
1692,Total,23.34218
1693,Total,7.931349
1694,Total,5.634968
1695,Total,20.445838
1696,Total,24.528759
1697,Total,19.885723
1698,Total,15.656141
1699,Total,13.86808
1700,Total,26.091205
1701,Total,16.276666
1702,Total,20.344581
1703,Total,10.971924
1704,Total,8.890089
1705,Total,14.162825
1706,Total,12.001249
1707,Total,8.274025
1708,Total,4.218103
1709,Total,4.355457
1710,Total,3.48121
1711,Total,1.686001
1712,Total,2.351806
1713,Total,2.918429
1714,Total,3.535788
1715,Total,3.938241
1716,Total,4.391331
1717,Total,4.674339
1718,Total,5.362262
1719,Total,5.03304
1720,Total,3.480863
1721,Total,7.011219
1722,Total,5.954047
1723,Total,5.601085
1724,Total,6.496954
1725,Total,31.048082
1726,Total,5.007871
1727,Total,15.011868
1728,Total,18.038679
1729,Total,13.775575
1730,Total,18.471073
1731,Total,19.939039
1732,Total,26.966655
1733,Total,26.527355
1734,Total,29.094848
1735,Total,27.982093
1736,Total,23.773302
1737,Total,19.906162
1738,Total,23.792869
1739,Total,20.930568
1740,Total,23.427442
1741,Total,11.769461
1742,Total,23.90006
1743,Total,23.34218
1744,Total,7.931349
1745,Total,5.634968
1746,Total,20.445838
1747,Total,24.528759
1748,Total,19.885723
1749,Total,15.656141
1750,Total,13.86808
1751,Total,26.091205
1752,Total,16.276666
1753,Total,20.344581
1754,Total,10.971924
1755,Total,8.890089
1756,Total,14.162825
1757,Total,12.001249
1758,Total,8.274025
1759,Total,4.218103
1760,Total,4.355457
1761,Total,3.48121
1762,Total,2.829368
1763,Total,2.083839
1764,Total,3.479802
1765,Total,5.675068
1766,Total,3.070965
1767,Total,4.445378
1768,Total,5.32616
1769,Total,6.050385
1770,Total,6.595298
1771,Total,7.308075
1772,Total,5.003061
1773,Total,7.271022
1774,Total,7.621551
1775,Total,6.795361
1776,Total,9.237378
1777,Total,10.976837
1778,Total,40.984432
1779,Total,18.233093
1780,Total,14.10034
1781,Total,16.51629
1782,Total,13.141833
1783,Total,19.068897
1784,Total,22.209659
1785,Total,15.015749
1786,Total,14.252444
1787,Total,14.080179
1788,Total,20.844161
1789,Total,39.587081
1790,Total,98.253845
1791,Total,21.635099
1792,Total,23.29475
1793,Total,28.38976
1794,Total,19.231044
1795,Total,19.920724
1796,Total,7.390374
1797,Total,16.597909
1798,Total,30.043497
1799,Total,30.045423
1800,Total,11.544761
1801,Total,12.07902
1802,Total,12.295476
1803,Total,18.875038
1804,Total,18.722471
1805,Total,14.353207
1806,Total,10.010848
1807,Total,10.15641
1808,Total,10.699734
1809,Total,12.123392
1810,Total,6.197161
1811,Total,5.852549
1812,Total,6.289998
1813,Total,4.299741
1814,Total,2.462952
1815,Total,1.758594
1816,Total,3.240864
1817,Total,4.04053
1818,Total,4.307101
1819,Total,5.064123
1820,Total,5.720995
1821,Total,6.631923
1822,Total,10.73849
1823,Total,43.747261
1824,Total,9.615843
1825,Total,9.888231
1826,Total,7.884627
1827,Total,5.441454
1828,Total,8.053024
1829,Total,12.8513
1830,Total,7.293994
1831,Total,48.489917
1832,Total,34.740615
1833,Total,14.310023
1834,Total,12.398245
1835,Total,22.745365
1836,Total,17.789913
1837,Total,20.487995
1838,Total,31.014085
1839,Total,30.224134
1840,Total,31.41065
1841,Total,22.903877
1842,Total,31.387226
1843,Total,7.726572
1844,Total,8.975511
1845,Total,29.487749
1846,Total,18.185575
1847,Total,6.244942
1848,Total,19.060747
1849,Total,31.072313
1850,Total,27.177679
1851,Total,13.351743
1852,Total,22.71071
1853,Total,22.308654
1854,Total,16.441854
1855,Total,17.547407
1856,Total,10.061508
1857,Total,12.000616
1858,Total,10.029566
1859,Total,8.82562
1860,Total,8.789343
1861,Total,6.038096
1862,Total,7.300845
1863,Total,6.395183
1864,Total,3.115877
1865,Total,2.236387
1866,Total,2.729329
1867,Total,2.970748
1868,Total,5.316675
1869,Total,4.044637
1870,Total,4.849207
1871,Total,5.534901
1872,Total,5.919832
1873,Total,8.967817
1874,Total,10.452065
1875,Total,5.929808
1876,Total,5.198559
1877,Total,9.215011
1878,Total,9.99278
1879,Total,7.740398
1880,Total,11.218155
1881,Total,29.233764
1882,Total,16.764253
1883,Total,12.58566
1884,Total,23.262266
1885,Total,22.461133
1886,Total,23.448448
1887,Total,20.442842
1888,Total,31.857269
1889,Total,34.671531
1890,Total,24.401596
1891,Total,32.759033
1892,Total,29.25605
1893,Total,19.115676
1894,Total,30.676401
1895,Total,32.679424
1896,Total,2.361783
1897,Total,9.303028
1898,Total,25.48884
1899,Total,25.907861
1900,Total,21.324647
1901,Total,15.798962
1902,Total,24.044929
1903,Total,22.702804
1904,Total,21.931598
1905,Total,16.82751
1906,Total,10.833591
1907,Total,6.75575
1908,Total,8.101294
1909,Total,9.066243
1910,Total,7.228388
1911,Total,5.014825
1912,Total,3.016505
1913,Total,2.771239
1914,Total,2.364086
1915,Total,2.828484
1916,Total,5.195639
1917,Total,12.696899
1918,Total,6.366014
1919,Total,4.261949
1920,Total,8.540287
1921,Total,5.797239
1922,Total,4.950858
1923,Total,4.244028
1924,Total,5.430436
1925,Total,8.370327
1926,Total,13.803666
1927,Total,7.071677
1928,Total,8.520818
1929,Total,4.866214
1930,Total,31.675806
1931,Total,31.295518
1932,Total,22.673637
1933,Total,13.399367
1934,Total,28.881471
1935,Total,26.608469
1936,Total,26.888626
1937,Total,34.337043
1938,Total,27.57246
1939,Total,42.713474
1940,Total,24.758878
1941,Total,27.972433
1942,Total,12.374505
1943,Total,19.966108
1944,Total,31.393144
1945,Total,4.057852
1946,Total,9.719359
1947,Total,7.698697
1948,Total,11.628118
1949,Total,17.244453
1950,Total,17.129302
1951,Total,22.497985
1952,Total,20.524824
1953,Total,18.92469
1954,Total,14.187918
1955,Total,12.541182
1956,Total,13.233079
1957,Total,7.416997
1958,Total,6.788414
1959,Total,11.623744
1960,Total,8.782261
1961,Total,5.360773
1962,Total,6.471414
1963,Total,7.049741
1964,Total,9.096171
1965,Total,10.909034
1966,Total,5.498065
1967,Total,8.604031
1968,Total,5.86313
1969,Total,3.441194
1970,Total,4.81399
1971,Total,6.532715
1972,Total,5.187565
1973,Total,6.905069
1974,Total,7.742566
1975,Total,9.31257
1976,Total,46.873897
1977,Total,23.417419
1978,Total,19.677621
1979,Total,17.005889
1980,Total,10.023249
1981,Total,11.992553
1982,Total,20.474916
1983,Total,13.607459
1984,Total,24.014219
1985,Total,28.196035
1986,Total,28.175409
1987,Total,22.120204
1988,Total,20.486736
1989,Total,23.637346
1990,Total,34.583618
1991,Total,3.495935
1992,Total,10.754278
1993,Total,8.317225
1994,Total,12.789924
1995,Total,20.195476
1996,Total,12.715746
1997,Total,9.703925
1998,Total,12.217523
1999,Total,6.146105
2000,Total,6.627765
2001,Total,8.919169
2002,Total,10.379093
2003,Total,3.828784
2004,Total,3.167283
2005,Total,15.04536
2006,Total,22.108493
2007,Total,27.530427
2008,Total,26.088485
2009,Total,30.171783
2010,Total,18.625812
2011,Total,15.377053
2012,Total,21.060411
2013,Total,16.803161
2014,Total,6.919133
2015,Total,2.042647
2016,Total,24.034904
2017,Total,14.326229
2018,Total,10.411538
2019,Total,16.46548
2020,Total,25.462526
2021,Total,37.778713
2022,Total,36.249488
2023,Total,29.48542
2024,Total,26.043037
2025,Total,22.869411
2026,Total,13.289335
2027,Total,16.444578
2028,Total,19.280773
2029,Total,9.983045
2030,Total,2.006155
2031,Total,22.040912
2032,Total,22.961694
2033,Total,17.624925
2034,Total,17.369955
2035,Total,26.967578
2036,Total,27.124238
2037,Total,20.96449
2038,Total,18.755071
2039,Total,28.673053
2040,Total,20.15954
2041,Total,22.679567
2042,Total,16.324357
2043,Total,20.706602
2044,Total,13.396361
2045,Total,2.953945
2046,Total,23.185119
2047,Total,18.251699
2048,Total,16.454666
2049,Total,27.034358
2050,Total,26.107862
2051,Total,19.034593
2052,Total,24.456935
2053,Total,22.540241
2054,Total,20.321565
2055,Total,16.604339
2056,Total,26.680786
2057,Total,17.072526
2058,Total,21.744823
2059,Total,19.61454
2060,Total,11.76478
2061,Total,8.271436
2062,Total,16.455211
2063,Total,3.928167
2064,Total,15.267914
2065,Total,17.443622
2066,Total,27.24574
2067,Total,18.876096
2068,Total,22.08209
2069,Total,20.250534
2070,Total,21.364389
2071,Total,27.201204
2072,Total,20.747598
2073,Total,19.039487
2074,Total,17.167055
2075,Total,16.61285
2076,Total,26.233022
2077,Total,11.122859
2078,Total,21.064966
2079,Total,18.386861
2080,Total,19.742675
2081,Total,14.194174
2082,Total,17.563541
2083,Total,15.964759
2084,Total,18.672428
2085,Total,13.56776
2086,Total,19.97516
2087,Total,23.508258
2088,Total,21.863105
2089,Total,21.875324
2090,Total,18.019689
2091,Total,20.533079
2092,Total,11.595919
2093,Total,17.942014
2094,Total,20.885028
2095,Total,18.147739
2096,Total,19.014133
2097,Total,26.550325
2098,Total,10.85284
2099,Total,5.669419
2100,Total,13.098754
2101,Total,14.80501
2102,Total,19.242563
2103,Total,14.828274
2104,Total,15.964759
2105,Total,18.672428
2106,Total,13.56776
2107,Total,19.97516
2108,Total,23.508258
2109,Total,21.863105
2110,Total,21.875324
2111,Total,18.019689
2112,Total,20.533079
2113,Total,13.698655
2114,Total,11.755397
2115,Total,8.348966
2116,Total,9.027706
2117,Total,10.746008
2118,Total,12.826249
2119,Total,7.530322
2120,Total,3.45586
2121,Total,15.917309
2122,Total,16.164634
2123,Total,15.726144
2124,Total,14.080083
2125,Total,16.232547
2126,Total,10.686532
2127,Total,13.697079
2128,Total,17.995971
2129,Total,10.477309
2130,Total,20.199607
2131,Total,15.905274
2132,Total,10.77961
2133,Total,6.086067
2134,Total,16.924182
2135,Total,13.698655
2136,Total,11.755397
2137,Total,8.348966
2138,Total,9.027706
2139,Total,10.746008
2140,Total,12.826249
2141,Total,7.530322
2142,Total,3.45586
2143,Total,18.882726
2144,Total,14.086267
2145,Total,19.87351
2146,Total,16.812057
2147,Total,13.360367
2148,Total,15.823637
2149,Total,12.764012
2150,Total,16.292266
2151,Total,14.99193
2152,Total,15.94251
2153,Total,10.464404
2154,Total,5.327206
2155,Total,5.635471
2156,Total,12.880072
2157,Total,9.785637
2158,Total,9.822173
2159,Total,6.619411
2160,Total,9.25359
2161,Total,8.325071
2162,Total,11.910142
2163,Total,19.324764
2164,Total,7.136009
2165,Total,5.276551
2166,Total,14.643974
2167,Total,13.372814
2168,Total,16.067241
2169,Total,14.882109
2170,Total,13.38204
2171,Total,16.799194
2172,Total,15.440441
2173,Total,11.551385
2174,Total,7.341403
2175,Total,9.642965
2176,Total,6.745466
2177,Total,5.620978
2178,Total,4.570315
2179,Total,6.162557
2180,Total,7.889157
2181,Total,6.087386
2182,Total,7.533501
2183,Total,19.382114
2184,Total,23.375185
2185,Total,21.378423
2186,Total,9.5068
2187,Total,14.762371
2188,Total,12.747776
2189,Total,11.085075
2190,Total,13.942089
2191,Total,11.92138
2192,Total,15.873565
2193,Total,14.162222
2194,Total,11.620149
2195,Total,9.364508
2196,Total,5.265016
2197,Total,5.456175
2198,Total,7.462543
2199,Total,4.485254
2200,Total,7.726732
2201,Total,5.761222
2202,Total,16.483787
2203,Total,15.815219
2204,Total,15.362553
2205,Total,16.29268
2206,Total,22.524682
2207,Total,18.066495
2208,Total,17.740068
2209,Total,11.322311
2210,Total,9.409258
2211,Total,15.996973
2212,Total,15.144742
2213,Total,15.078674
2214,Total,9.661954
2215,Total,11.386914
2216,Total,7.674016
2217,Total,9.294822
2218,Total,6.478484
2219,Total,6.288222
2220,Total,6.23627
2221,Total,6.20782
2222,Total,14.446323
2223,Total,17.865612
2224,Total,17.493391
2225,Total,15.683554
2226,Total,15.502528
2227,Total,6.050145
2228,Total,6.367851
2229,Total,6.155031
2230,Total,8.034708
2231,Total,6.619129
2232,Total,8.392551
2233,Total,9.889597
2234,Total,5.757112
2235,Total,6.424155
2236,Total,4.657565
2237,Total,14.472633
2238,Total,14.35905
2239,Total,7.223182
2240,Total,6.923091
2241,Total,8.384576
2242,Total,10.352503
2243,Total,14.330582
2244,Total,6.042472
2245,Total,13.184103
2246,Total,11.205487
2247,Total,13.007617
2248,Total,14.80887
2249,Total,15.057925
2250,Total,15.512429
2251,Total,18.429416
2252,Total,15.089053
2253,Total,15.864127
2254,Total,10.911434
2255,Total,10.930111
2256,Total,16.431951
2257,Total,15.279067
2258,Total,14.04747
2259,Total,18.116668
2260,Total,12.283796
2261,Total,18.160722
2262,Total,14.634896
2263,Total,27.195564
2264,Total,15.771824
2265,Total,14.74123
2266,Total,17.609807
2267,Total,27.0013
