OID,density
4,104.992561
7,104.992561
9,135.817672
11,116.210212
12,126.063629
14,259.411895
15,135.433074
17,151.564468
20,259.041503
21,207.388259
22,8.622511
24,426.38565
25,118.498443
26,8.499826
27,4.088577
28,3.684004
30,125.598869
31,153.068664
32,112.331062
33,66.797515
34,15.859152
35,8.516573
36,3.950464
39,172.547576
40,118.632537
41,128.215209
42,56.168445
43,23.043218
44,20.06528
45,8.256636
46,4.360206
49,222.535446
50,162.96025
51,108.457977
52,76.536323
53,43.036056
54,34.202587
55,25.873126
56,8.678056
57,3.827369
62,206.10176
63,135.430603
64,149.979705
65,70.760421
66,73.11808
67,68.595344
68,26.079572
69,7.693082
70,3.476859
79,109.759513
80,170.033874
81,145.879028
82,139.594436
83,63.890926
84,60.204853
85,64.490272
86,26.374044
87,9.915295
88,3.154613
91,34.789226
93,33.219779
94,31.786972
96,33.144359
107,144.355911
108,169.319213
109,154.366577
110,91.876266
111,40.659404
112,25.279285
113,21.935577
114,9.915295
115,3.154613
117,63.983997
118,47.592529
119,43.035217
123,29.710985
124,36.586864
125,16.504533
128,339.92398
129,367.373657
139,414.161346
140,213.850067
141,169.319213
142,154.366577
143,91.876266
144,40.659404
145,25.279285
146,21.935577
147,11.539749
148,4.346014
149,10.439435
150,72.085166
152,54.375244
154,56.891319
156,36.006469
157,23.020687
158,16.187726
162,315.556579
163,477.091735
164,266.704528
165,115.557411
166,120.717193
167,120.717193
168,37.225334
173,414.161346
174,213.850067
175,191.598266
176,82.585044
177,62.561717
178,33.626434
179,28.133666
180,17.570083
181,16.931056
182,6.630065
183,10.439435
184,72.085166
186,54.375244
188,56.891319
190,36.006469
191,23.020687
192,16.187726
196,315.556579
197,477.091735
198,266.704528
199,115.557411
200,120.717193
201,120.717193
202,37.225334
209,232.303527
210,160.166152
211,161.464782
212,88.995399
213,38.037582
214,42.407661
215,29.073112
216,32.441711
217,9.304039
218,28.895423
219,88.508514
220,73.071105
222,61.357055
223,47.928596
224,36.780124
225,34.714298
226,28.59616
227,19.994979
229,254.878662
230,242.047393
231,253.848846
232,541.990966
233,409.932769
237,119.699821
238,111.874855
239,141.844177
246,241.845504
247,135.700347
248,154.372253
249,85.636291
250,40.111942
251,58.875316
252,33.093971
253,20.658229
254,82.859115
255,69.664718
256,65.698753
257,77.892639
259,42.624736
260,32.830638
262,43.482509
263,32.845561
264,337.725708
265,220.602966
266,300.287475
268,361.043579
269,331.858154
270,413.912658
271,413.912658
272,65.101913
273,247.256515
274,377.501434
275,262.027557
281,171.574478
282,220.000518
283,107.093048
284,107.769531
285,69.6912
286,43.504791
287,37.53894
288,27.476625
289,13.49737
290,3.176522
291,128.672958
292,244.358612
293,116.186668
294,122.480628
295,96.964576
297,49.151233
298,33.006084
299,45.167545
300,61.247196
302,213.450698
303,194.765121
304,296.18753
305,244.590866
306,384.111328
307,390.446136
308,594.271118
311,167.454574
312,624.446289
313,420.510437
315,236.91658
317,869.114929
321,217.491302
322,145.041091
323,148.166244
324,106.934486
325,83.463928
326,53.576107
327,35.832237
328,15.665858
329,11.527577
330,282.821777
331,472.455627
332,245.738037
333,265.217315
334,124.648803
335,71.780143
336,68.189193
337,52.712821
338,56.026863
339,118.675895
340,99.101562
341,179.530258
342,268.999755
343,213.42366
345,289.086944
346,375.987243
347,448.528228
348,295.152038
349,295.152038
351,392.922851
352,313.404205
356,963.263916
360,154.241714
361,159.173004
362,127.821434
363,80.717071
364,57.025856
365,55.920776
366,24.570266
367,16.723192
368,9.952527
369,152.752075
370,686.314147
371,663.12738
372,316.927917
373,381.177032
374,128.164916
375,75.713714
376,89.812934
378,143.280181
379,291.839538
380,215.760253
381,173.671112
382,232.024108
383,186.591049
384,238.064727
385,192.704879
386,256.532135
387,188.802108
388,175.656127
389,43.808837
390,43.808837
391,375.479705
392,566.348693
396,557.500183
405,67.081748
406,142.215301
407,117.540451
408,107.810379
409,52.04639
410,39.266941
411,35.460186
412,15.787613
413,8.298644
414,192.599624
415,700.087097
416,367.61026
417,413.787658
418,506.504211
419,300.656219
420,144.664169
421,348.095703
422,299.247314
423,389.513275
424,435.336578
425,368.659393
426,189.781646
427,240.228057
428,219.352478
429,182.456466
430,190.613983
431,221.05693
432,163.6082
433,174.451568
434,20.410057
435,20.410057
436,274.597991
437,454.800354
445,158.87796
446,123.28701
449,100.997123
450,106.054817
451,130.936447
452,115.456611
453,101.602165
454,64.087509
455,35.998455
456,27.387838
457,15.226021
458,8.115082
459,563.118652
460,473.247314
461,373.979949
462,449.960479
463,607.85144
465,155.245925
466,380.104919
467,265.782897
468,343.28009
469,414.176361
470,361.034545
471,291.366943
472,240.507629
473,248.545791
474,157.401275
475,183.320648
476,230.60556
477,187.793609
478,139.799942
479,102.09407
480,322.201721
481,322.201721
486,89.907386
490,201.357208
493,148.634384
494,92.735107
495,113.955703
496,197.379806
497,163.673828
498,173.722274
499,111.999603
500,87.737144
501,50.217124
502,34.140132
503,8.369077
504,658.98236
506,787.244079
507,643.181274
508,792.468627
510,399.116973
511,204.970458
512,312.832672
513,414.084716
514,366.908416
515,340.141998
516,275.466644
517,219.788681
518,282.222808
519,190.278625
520,169.366668
521,277.447326
522,209.978134
524,588.127685
525,298.775085
526,298.775085
529,289.492828
530,420.205993
531,372.304321
532,67.840858
537,125.901641
538,136.353637
539,139.060852
540,160.103836
541,170.221496
542,204.12117
543,168.950607
545,74.06594
546,84.597747
547,38.186351
548,16.85221
549,423.807159
550,661.60852
551,752.318176
552,894.056396
553,1023.645812
554,280.113281
555,383.785614
556,261.038208
557,260.758361
558,292.910125
559,317.177276
560,354.572631
561,261.971801
562,237.475708
563,225.218002
564,256.468048
565,266.041076
566,192.069534
567,185.208602
568,119.413185
569,539.547363
573,337.255828
574,342.316558
575,166.757186
576,106.159301
577,222.242248
581,55.76028
582,81.584884
583,158.601181
584,176.649795
585,151.062103
586,114.780487
587,139.707138
588,90.624282
589,60.402286
590,66.429824
591,67.799041
592,43.914508
593,690.553466
594,1137.03955
595,983.364379
596,1173.966308
597,562.89331
598,532.280334
599,563.395629
600,283.449707
601,432.045196
602,153.389312
603,170.581359
604,259.333984
605,199.608856
606,209.507888
607,279.480773
608,257.525238
609,400.250976
610,208.9263
613,147.332931
615,59.072807
616,232.508377
617,232.508377
618,176.752471
619,218.036239
620,178.223892
621,241.622695
622,171.941726
623,87.35913
624,41.080749
625,84.289459
626,85.259956
627,153.216339
628,199.618103
629,171.547286
630,83.900405
631,161.503753
632,64.380805
633,70.10308
634,51.542869
635,67.799041
636,43.914508
637,920.753356
638,1363.705566
639,1149.642211
640,1125.337158
641,762.998168
642,340.29187
643,263.630676
644,257.661499
645,186.304962
646,136.255889
647,120.567665
648,195.669967
649,103.895286
650,176.120773
651,164.49855
652,180.575576
653,345.997192
654,288.03186
655,367.026031
656,319.398864
657,92.880699
659,204.880691
660,247.288208
661,390.968048
662,390.968048
663,351.905975
664,294.72052
665,367.581146
666,541.503112
667,208.894378
668,88.244651
669,90.094696
670,87.797637
671,144.357803
672,212.550506
673,171.547286
674,83.900405
675,161.503753
676,64.380805
677,70.10308
678,51.542869
679,52.930236
680,26.622394
681,451.09674
682,1167.989624
683,1297.758544
684,1099.302612
685,1027.138671
686,668.015869
687,421.652038
688,472.598876
689,348.79309
690,122.380981
691,162.879608
692,216.496368
693,128.33992
694,93.332298
695,120.537605
696,220.382904
697,317.844512
698,324.005981
699,293.245208
700,493.914489
701,169.195877
703,120.798171
704,317.566833
705,373.164825
706,358.332763
707,92.841094
708,92.841094
709,80.486335
710,367.581146
711,541.503112
712,208.894378
713,88.244651
714,90.094696
715,87.797637
716,144.357803
717,212.550506
718,179.218994
719,89.95169
720,147.288208
721,114.711212
723,52.50336
724,65.780548
725,21.409067
726,451.09674
727,1167.989624
728,1297.758544
729,1099.302612
730,1027.138671
731,668.015869
732,421.652038
733,472.598876
734,348.79309
735,122.380981
736,162.879608
737,216.496368
738,128.33992
739,93.332298
740,120.537605
741,220.382904
742,317.844512
743,324.005981
744,293.245208
745,493.914489
746,169.195877
748,120.798171
749,317.566833
750,373.164825
751,358.332763
752,92.841094
753,80.486335
754,80.486335
755,192.847427
756,636.402282
757,266.988403
758,73.544166
759,54.974357
760,97.743812
761,151.672821
762,102.281509
763,99.329208
764,85.873847
765,220.263458
766,130.037521
767,66.887298
768,79.974723
769,31.355106
770,472.909942
771,1176.845825
772,1384.105468
773,1416.818847
774,1417.711059
775,958.313354
776,588.628173
777,491.052337
778,302.452484
779,246.866394
780,260.856872
781,170.966629
782,152.718399
783,129.856582
784,111.770645
785,194.099105
786,364.357055
787,291.453765
788,438.533966
789,193.928588
790,42.566974
792,214.749114
793,184.086242
794,248.026199
795,203.370223
796,90.491134
797,104.040679
798,284.660675
799,341.933837
800,341.933837
801,93.283393
802,50.580547
803,68.58686
804,206.070281
805,295.687469
806,235.562683
807,235.504592
808,140.906295
809,118.750694
810,94.953697
811,47.416023
812,887.483154
813,1202.676391
814,1305.462158
815,859.15924
816,898.919311
817,566.191955
818,348.486511
819,359.745544
820,401.944274
821,269.892364
822,162.822906
823,122.35823
824,170.258361
825,136.732833
826,334.502075
827,363.532073
828,294.59967
829,476.511871
830,410.479278
831,121.153778
833,289.381652
834,173.947662
835,232.032821
836,227.61087
837,105.180084
838,174.827514
839,304.957885
840,214.762573
841,60.278755
842,38.194011
843,38.194011
844,95.445915
845,378.80661
846,294.379577
847,175.816421
848,136.064102
849,155.5457
850,90.049079
851,215.583526
852,312.769622
853,355.053863
854,778.609313
855,1140.870117
856,1052.06726
857,885.709777
858,666.754638
859,622.262817
860,417.121063
861,425.733184
862,481.626037
863,303.463134
864,213.626007
865,146.92691
866,137.000717
867,237.474197
868,371.641357
869,252.642166
870,416.523193
871,572.120178
872,938.255432
873,625.930297
874,117.936981
875,356.281127
876,261.964721
877,190.927413
878,261.858093
879,129.068771
880,108.871055
881,262.390228
882,228.347549
883,224.451797
884,311.90213
885,79.585227
886,50.140995
887,70.184135
888,93.893608
889,200.005325
890,183.921707
891,158.861724
892,132.890548
893,60.156417
894,7.532281
895,351.289428
896,706.604309
897,833.78302
898,1406.352172
899,1291.45642
900,1057.996459
901,1017.549072
902,772.283081
903,584.184631
904,505.506835
905,524.374084
906,450.938568
907,622.233032
908,279.12268
909,196.663146
910,204.354461
911,262.372009
912,537.976867
913,649.32312
914,389.654602
915,416.862304
916,233.088439
919,343.930572
920,323.74179
921,349.798278
922,331.921936
923,284.234771
924,122.466445
925,171.289138
926,180.801956
927,69.894805
928,82.419212
929,60.564395
930,92.229454
931,74.054916
932,185.160995
933,185.160995
934,118.964103
935,85.833496
936,26.978563
937,19.939641
938,1077.533691
939,1362.564697
940,1165.605712
941,1070.289306
942,967.477539
943,863.520874
944,572.023803
945,565.630187
946,675.042663
947,840.316833
948,459.997253
949,446.837799
950,425.227661
951,393.562164
952,421.426422
953,460.201171
954,799.457153
955,442.451263
956,264.522094
959,20.339296
960,205.331237
961,258.481079
962,357.534637
963,396.635528
964,354.691497
965,295.776458
966,447.111022
967,454.040222
968,243.353881
969,52.005153
970,42.000774
971,73.891174
972,57.255348
973,114.775962
974,61.974449
975,58.855644
976,38.148529
977,13.633492
979,719.562133
980,1154.377197
981,899.453308
982,970.221008
983,823.419433
984,760.803588
985,653.10614
986,693.580322
987,704.647949
988,925.16809
989,587.564575
990,473.480682
991,476.721496
992,500.114959
993,566.444824
994,588.523193
997,76.295364
998,107.72866
999,192.343307
1000,199.951797
1001,197.471954
1002,234.953033
1003,331.961395
1004,300.506134
1005,389.424652
1006,386.497924
1007,673.062744
1008,543.689147
1009,103.994728
1010,52.881145
1011,37.80191
1012,16.243818
1013,24.555671
1014,20.173599
1016,868.753173
1017,1166.896972
1018,1236.968505
1019,1187.112304
1020,927.007934
1021,870.171142
1022,761.599182
1023,784.135864
1024,755.863647
1025,787.591979
1026,614.911682
1027,736.390869
1028,637.967773
1029,755.276733
1030,780.111206
1031,983.186828
1034,123.706398
1035,108.748016
1036,202.915039
1037,280.347503
1038,195.216339
1039,393.799011
1040,150.70903
1041,213.23561
1042,312.953063
1043,472.698883
1044,400.330566
1045,256.562347
1046,189.776336
1047,61.191535
1048,32.814868
1049,13.535603
1050,10.03071
1051,11.583466
1052,9.921661
1054,1136.413452
1055,1320.998901
1056,1287.622558
1057,1252.747924
1058,1232.659057
1059,910.963623
1060,796.111938
1061,789.484741
1062,764.717895
1063,790.236877
1064,708.048645
1065,730.2229
1066,697.134155
1067,733.029907
1068,772.720397
1069,299.344116
1071,57.268009
1072,197.82164
1073,131.990966
1074,185.242507
1075,243.873657
1076,169.116195
1077,315.414154
1078,229.273483
1079,183.242675
1080,297.710876
1081,412.264251
1082,552.835693
1083,454.89151
1084,365.604644
1085,84.775497
1086,17.370458
1087,10.271701
1088,10.477252
1089,11.58837
1090,5.290506
1092,1481.282104
1093,1142.290893
1094,1274.901611
1095,1344.3031
1096,1142.38916
1097,1013.787597
1098,797.400207
1099,749.924926
1100,680.209777
1101,766.072753
1102,749.701782
1103,805.57489
1104,831.133605
1105,1084.997436
1106,654.212158
1109,318.633056
1110,195.274627
1111,191.062774
1112,264.697387
1113,160.458694
1115,330.604309
1116,487.599548
1117,255.757965
1118,388.098815
1119,456.200988
1120,530.289733
1121,477.77774
1122,256.584899
1123,75.905349
1124,13.038062
1125,5.696889
1126,8.915101
1127,17.106142
1128,7.073148
1129,1293.793579
1130,1395.419555
1131,1578.706542
1132,1319.436401
1133,1266.476562
1134,895.468872
1135,893.925659
1136,854.261535
1137,1004.596923
1138,843.723144
1139,648.282836
1140,435.769073
1141,349.131591
1142,274.02008
1143,351.291931
1144,678.330505
1145,615.891113
1146,491.764617
1147,418.750793
1148,315.475982
1149,167.410888
1151,103.634613
1152,382.651702
1153,677.225097
1154,516.682312
1155,478.831848
1156,404.025573
1157,381.00418
1158,307.15036
1159,180.340896
1160,166.808944
1161,84.867538
1162,15.62582
1163,15.553112
1164,25.850111
1165,7.073148
1166,617.486083
1167,955.2984
1168,1300.961914
1169,1501.743774
1170,1060.824462
1171,1054.170654
1172,732.881469
1173,891.842102
1174,604.691711
1175,362.038116
1176,399.513946
1177,449.453247
1178,691.88507
1179,171.016387
1180,464.171936
1181,536.721496
1182,518.488708
1183,445.34024
1184,341.059906
1185,256.257354
1186,251.816574
1187,103.839187
1188,305.675933
1189,459.889038
1190,578.702697
1191,466.883239
1192,329.388763
1193,276.459838
1194,204.862136
1195,223.364028
1196,126.919685
1197,126.887947
1198,68.650657
1199,955.2984
1200,1300.961914
1201,1501.743774
1202,1060.824462
1203,1054.170654
1204,166.061843
1205,206.521133
1206,537.062194
1207,822.252746
1208,810.718383
1209,646.180358
1210,783.167968
1211,110.72393
1212,599.987854
1213,588.208007
1214,440.163574
1215,418.57904
1216,333.653137
1217,296.744323
1218,235.497009
1219,298.096618
1220,517.647644
1221,378.417877
1222,537.185607
1223,505.55368
1224,528.912414
1225,360.236907
1226,204.862136
1227,223.364028
1228,126.919685
1229,126.887947
1230,68.650657
1231,1407.071044
1232,1704.914794
1233,1261.81726
1234,821.318237
1235,166.061843
1236,206.521133
1237,537.062194
1238,822.252746
1239,810.718383
1240,646.180358
1241,783.167968
1242,110.72393
1243,599.987854
1244,588.208007
1245,440.163574
1246,418.57904
1247,333.653137
1248,296.744323
1249,235.497009
1250,298.096618
1251,517.647644
1252,378.417877
1253,537.185607
1254,505.55368
1255,528.912414
1256,360.236907
1257,179.730667
1258,132.219528
1259,96.880241
1260,110.187194
1261,123.419883
1262,127.018066
1263,68.801345
1264,263.104705
1265,1304.359497
1266,1734.105834
1267,1632.938354
1268,852.33789
1269,1057.336303
1270,1060.44104
1271,1205.540527
1272,1102.178588
1273,746.7359
1274,697.786071
1275,705.80426
1276,178.609558
1277,506.706939
1278,379.425048
1279,349.59375
1280,247.723449
1281,250.593307
1282,285.573852
1283,277.443267
1284,533.864807
1285,429.501007
1286,484.378204
1287,473.412261
1288,463.959777
1289,381.744506
1290,566.450988
1291,418.010864
1292,140.06047
1293,168.253692
1294,119.252853
1295,186.379364
1296,209.914657
1297,52.820842
1298,101.049407
1299,151.002197
1300,74.31282
1301,321.572814
1302,321.957733
1303,495.762298
1304,661.724731
1305,889.54486
1306,1360.31311
1307,1238.004394
1308,1072.305664
1309,721.901123
1310,730.286254
1311,562.54718
1312,579.019653
1313,254.026611
1314,560.07965
1315,342.682128
1316,362.784759
1317,243.256286
1318,219.720458
1319,253.722137
1320,299.780609
1321,500.956909
1322,470.992004
1323,497.06488
1324,471.390441
1325,438.897888
1326,556.243164
1327,389.488311
1328,345.115112
1329,127.810409
1330,146.437988
1331,150.532363
1332,244.456893
1333,274.393402
1334,176.758956
1335,380.717468
1336,160.093429
1337,77.545883
1338,85.927467
1339,69.240425
1340,57.848941
1341,195.325027
1342,989.678894
1343,960.122985
1344,676.242736
1345,734.472778
1346,734.996704
1347,1024.858032
1348,945.598266
1349,489.051574
1350,524.833801
1351,639.520935
1352,484.009948
1353,358.827362
1354,642.051574
1355,472.143157
1356,190.86795
1357,257.203613
1358,241.285659
1359,321.029876
1360,430.070892
1361,440.447448
1362,460.070129
1363,544.713439
1364,442.745971
1365,436.076354
1366,332.66159
1367,170.373291
1368,47.890998
1369,81.526
1370,166.827331
1371,228.156112
1372,271.766723
1373,376.905151
1374,387.801849
1375,175.254592
1376,230.479812
1377,95.533584
1378,143.557174
1379,43.02621
1380,120.718383
1381,138.085784
1382,143.81195
1383,346.300872
1384,1340.075317
1385,1188.341674
1386,756.106994
1387,748.181579
1388,770.881347
1389,740.675048
1390,556.262268
1391,340.409301
1392,512.844055
1393,630.241088
1394,589.992004
1395,231.996017
1396,697.135375
1397,496.624084
1398,259.923583
1399,328.901031
1400,354.336761
1401,491.065948
1402,501.15744
1403,479.80725
1404,446.683074
1405,480.870056
1406,476.690643
1407,393.48291
1408,301.575439
1409,68.683876
1410,28.039184
1411,18.949104
1412,37.240207
1413,116.905998
1414,209.511322
1415,289.927398
1416,308.076599
1417,268.321228
1418,394.613128
1419,160.969924
1420,273.862121
1421,64.488487
1422,75.551185
1423,211.856948
1424,199.410064
1425,140.070007
1426,366.835693
1427,507.858703
1428,448.845092
1429,1076.098388
1430,1063.708251
1431,1053.932006
1432,773.632385
1433,973.351074
1434,1115.799072
1435,748.71936
1436,468.264953
1437,534.44049
1438,528.484436
1439,499.080261
1440,570.392639
1441,234.940277
1442,539.978393
1443,493.255187
1444,401.696014
1445,312.070129
1446,398.751617
1447,524.512512
1448,568.281311
1449,551.756042
1450,437.168426
1451,442.199279
1452,483.285858
1453,408.65686
1454,266.460784
1455,82.977584
1456,68.161842
1457,86.032279
1458,18.917642
1459,42.665763
1460,157.414855
1461,169.016448
1462,235.689666
1463,184.081878
1464,204.116577
1465,204.178527
1466,311.089294
1467,215.017761
1468,83.380157
1469,97.429061
1470,119.837966
1471,233.305725
1472,297.691253
1473,624.644287
1474,570.480224
1475,1156.29602
1476,1292.904052
1477,1225.556274
1478,1213.980346
1479,1151.915527
1480,883.245727
1481,786.23175
1482,411.101287
1483,321.519805
1484,534.70758
1485,554.936401
1486,495.016784
1487,639.23114
1488,407.988342
1489,289.464447
1490,839.304565
1491,566.5755
1492,474.927551
1493,439.995391
1494,441.31665
1495,487.944854
1496,576.484313
1497,547.471496
1498,455.580291
1499,428.410949
1500,444.327301
1501,428.197265
1502,398.866577
1503,140.948883
1504,101.968955
1505,102.610633
1506,71.268608
1507,28.952451
1508,59.104
1509,92.097953
1510,151.398864
1511,262.917297
1512,359.401245
1513,341.400848
1514,282.681396
1515,221.77713
1516,177.42897
1517,95.06224
1518,101.654823
1519,166.730941
1520,181.248291
1521,766.555664
1522,881.980651
1523,547.017639
1524,513.247192
1525,624.664367
1526,1168.387695
1527,1009.139465
1528,970.425781
1529,768.695922
1530,468.3414
1531,303.202026
1532,338.152099
1533,388.321777
1534,480.020874
1535,613.191345
1536,609.447875
1537,760.115234
1538,202.978332
1539,274.252227
1540,860.908752
1541,688.56311
1542,467.065979
1543,414.037841
1544,402.032165
1545,413.577423
1546,507.474822
1547,535.157775
1548,480.643615
1549,454.474182
1550,413.522918
1551,325.21759
1552,250.872558
1553,85.668067
1554,18.192949
1555,15.658208
1556,17.193008
1557,26.871299
1558,61.311866
1559,84.708091
1560,145.113204
1561,208.977416
1562,359.659484
1563,219.94876
1564,235.687362
1565,174.690139
1566,222.017852
1567,153.874343
1568,54.90298
1569,66.318252
1570,150.038269
1571,134.725097
1572,320.561431
1573,888.568298
1574,1479.804321
1575,780.75769
1576,490.303894
1577,566.250488
1578,643.862609
1579,692.682006
1580,669.048889
1581,636.15924
1582,762.286987
1583,498.552551
1584,380.322204
1585,555.924865
1586,648.056823
1587,765.967712
1588,901.82611
1589,1185.214111
1590,234.290878
1591,457.356567
1592,873.770324
1593,545.816467
1594,432.168579
1595,317.671325
1596,446.685699
1597,359.831115
1598,485.19461
1599,485.236236
1600,484.405151
1601,517.232421
1602,385.441162
1603,196.999877
1604,148.043869
1605,117.522651
1606,26.287378
1607,11.825871
1608,11.267765
1609,9.806826
1610,21.903657
1611,55.961383
1612,117.858932
1613,160.784545
1614,128.491561
1615,86.992599
1616,167.953063
1617,130.152404
1618,60.265727
1619,128.038253
1620,94.715637
1621,77.18032
1622,133.696456
1623,341.34201
1624,1024.227783
1625,1065.080322
1626,980.078918
1627,361.953399
1628,398.975219
1629,545.044067
1630,474.348449
1631,992.876464
1632,1059.386108
1633,478.7518
1634,672.50653
1635,438.651763
1636,409.315063
1637,582.213012
1638,469.230468
1639,643.013671
1640,937.618652
1641,638.534362
1642,255.205673
1643,605.658874
1644,659.744201
1645,474.449707
1646,258.253112
1647,393.088134
1648,563.370361
1649,451.43457
1650,431.32077
1651,491.77182
1652,570.077636
1653,530.354064
1654,356.193878
1655,177.93254
1656,166.991088
1657,153.982955
1658,38.757606
1659,14.180403
1660,11.725917
1661,8.879543
1662,25.386125
1663,36.762603
1664,59.679222
1665,65.45478
1666,108.148574
1667,107.335144
1668,45.777412
1669,103.788497
1670,89.600112
1671,162.1949
1672,177.05281
1673,56.662448
1674,293.906982
1675,1114.28247
1676,1354.394897
1677,903.174987
1678,562.911193
1679,580.921447
1680,701.23944
1681,764.802612
1682,1244.44519
1683,1080.875122
1684,393.634826
1685,826.518188
1686,506.083801
1687,724.87854
1688,541.609863
1689,336.087982
1690,550.815429
1691,915.33319
1692,469.341369
1693,409.095886
1694,585.251953
1695,617.877502
1696,444.406646
1697,427.294128
1698,471.446441
1699,523.594421
1700,502.841949
1701,418.717651
1702,421.849426
1703,460.581024
1704,491.02008
1705,352.077697
1706,245.753433
1707,179.283737
1708,148.307235
1709,71.3768
1710,37.913192
1711,18.288688
1712,25.892734
1713,31.921871
1714,23.467872
1715,58.47367
1716,71.969924
1717,72.277221
1718,136.36473
1719,202.499877
1720,168.41719
1721,165.099349
1722,162.1949
1723,177.05281
1724,56.662448
1725,293.906982
1726,1114.28247
1727,1354.394897
1728,903.174987
1729,562.911193
1730,580.921447
1731,574.578796
1732,532.459106
1733,791.799377
1734,593.733581
1735,878.525573
1736,1121.713012
1737,711.099243
1738,1276.647583
1739,703.927612
1740,349.349151
1741,237.207794
1742,987.46173
1743,269.757843
1744,545.75122
1745,556.880798
1746,521.171691
1747,476.592529
1748,468.881927
1749,388.451202
1750,403.830688
1751,396.24002
1752,388.586547
1753,345.395629
1754,312.760589
1755,328.006622
1756,321.360198
1757,272.347564
1758,206.594512
1759,190.904296
1760,105.719078
1761,33.812671
1762,11.555779
1763,35.694892
1764,66.587242
1765,81.741958
1766,58.47367
1767,71.969924
1768,72.277221
1769,136.36473
1770,202.499877
1771,168.41719
1772,165.099349
1773,95.558792
1774,135.860122
1775,60.915138
1776,84.210258
1777,68.706382
1778,353.462463
1779,608.072998
1780,598.702453
1781,615.091247
1782,643.512939
1783,574.578796
1784,532.459106
1785,791.799377
1786,593.733581
1787,878.525573
1788,1121.713012
1789,711.099243
1790,1276.647583
1791,703.927612
1792,349.349151
1793,237.207794
1794,776.371398
1795,207.191986
1796,610.952209
1797,600.437927
1798,600.616943
1799,578.880004
1800,636.803771
1801,544.728088
1802,455.911071
1803,342.900695
1804,368.502563
1805,318.313232
1806,312.760589
1807,328.006622
1808,321.360198
1809,272.347564
1810,206.594512
1811,190.904296
1812,105.719078
1813,33.812671
1814,11.555779
1815,35.694892
1816,66.587242
1817,81.741958
1818,80.127998
1819,86.559684
1820,77.778404
1821,140.210876
1822,154.977142
1823,188.967773
1824,166.018966
1825,87.029212
1826,71.489112
1827,101.515007
1828,111.910453
1829,107.794067
1830,74.448326
1831,354.6893
1832,160.532562
1833,404.379364
1834,467.720703
1835,466.814544
1836,652.574462
1837,573.936035
1838,781.579528
1839,1034.421997
1840,830.464477
1841,823.172424
1842,634.848083
1843,506.202484
1844,512.136474
1845,776.371398
1846,207.191986
1847,610.952209
1848,600.437927
1849,600.616943
1850,578.880004
1851,636.803771
1852,544.728088
1853,455.911071
1854,342.900695
1855,368.502563
1856,318.313232
1857,284.335998
1858,310.392364
1859,275.327331
1860,254.06401
1861,200.107894
1862,114.133049
1863,39.392921
1864,20.38775
1865,15.70276
1866,24.195819
1867,87.912826
1868,81.428062
1869,80.159393
1870,86.479736
1871,119.372863
1872,171.275817
1873,178.833862
1874,178.49208
1875,116.542663
1876,131.540679
1877,109.091278
1878,93.025703
1879,102.292579
1880,91.191398
1881,175.751037
1882,448.287689
1883,679.87854
1884,670.903747
1885,635.856018
1886,606.364868
1887,547.124938
1888,1083.870971
1889,840.857177
1890,391.777252
1891,435.65155
1892,629.11322
1893,663.098205
1894,810.28186
1895,107.687316
1896,248.352523
1897,547.939392
1898,592.103576
1899,594.96173
1900,428.341796
1901,346.181182
1902,434.463317
1903,456.103057
1904,478.275268
1905,381.32019
1906,353.152648
1907,308.394409
1908,296.763488
1909,278.581115
1910,194.781143
1911,47.953559
1912,33.263889
1913,35.330486
1914,51.944702
1915,99.053237
1916,127.077072
1917,138.831634
1918,113.624168
1919,110.1212
1920,97.7863
1921,110.088676
1922,105.763961
1923,109.73207
1924,144.444198
1925,254.130325
1926,140.915725
1927,124.276679
1928,52.687358
1929,18.867975
1930,267.881896
1931,515.370361
1932,817.647766
1933,649.806152
1934,675.379272
1935,568.852294
1936,670.337829
1937,1010.080139
1938,882.346679
1939,638.119445
1940,370.605133
1941,478.520904
1942,594.277282
1943,584.872558
1944,230.72264
1945,274.731811
1946,563.213317
1947,529.186584
1948,463.443481
1949,406.658599
1950,493.171264
1951,487.690795
1952,523.253112
1953,435.852325
1954,398.224914
1955,392.723754
1956,371.742065
1957,287.200134
1958,285.833618
1959,213.452255
1960,118.925743
1961,41.287689
1962,81.374633
1963,144.862854
1964,224.574417
1965,260.619201
1966,111.485633
1967,140.788421
1968,140.045944
1969,124.632568
1970,93.85028
1971,94.049247
1972,148.121627
1973,115.664428
1974,194.738662
1975,54.733245
1976,305.55072
1977,479.084014
1978,311.496459
1979,307.623687
1980,461.121765
1981,287.311401
1982,314.88565
1983,686.790283
1984,865.547119
1985,506.513275
1986,453.809082
1987,604.363464
1988,535.651611
1989,478.175384
1990,374.3479
1991,273.350952
1992,450.170135
1993,458.759124
1994,489.538452
1995,486.053649
1996,356.863647
1997,253.13327
1998,182.033966
1999,21.26353
2000,48.874965
2001,82.143806
2002,67.12751
2003,28.780982
2004,14.589382
2005,250.06047
2006,449.380767
2007,630.291625
2008,445.729614
2009,606.621704
2010,513.780212
2011,473.428375
2012,486.109741
2013,703.013549
2014,196.147613
2015,757.269165
2016,207.891891
2017,125.051605
2018,59.373573
2019,219.239532
2020,523.716308
2021,852.544921
2022,574.169311
2023,530.318786
2024,557.057006
2025,585.833984
2026,577.368957
2027,479.723785
2028,682.607055
2029,159.00949
2030,727.202148
2031,28.798641
2032,252.908004
2033,200.803421
2034,183.865158
2035,640.480773
2036,835.064697
2037,766.489379
2038,610.20404
2039,492.718688
2040,585.861267
2041,508.869079
2042,508.882446
2043,845.848388
2044,77.371246
2045,433.274536
2046,69.88031
2047,190.773742
2048,711.06958
2049,792.809936
2050,845.044982
2051,710.918579
2052,596.690307
2053,561.485473
2054,662.005981
2055,689.911376
2056,740.65155
2057,703.917419
2058,722.560729
2059,898.852905
2060,832.656616
2061,277.451324
2062,353.495391
2063,214.717117
2064,756.901306
2065,1110.8302
2066,749.100952
2067,995.050964
2068,757.723815
2069,606.291748
2070,564.746887
2071,672.757324
2072,717.558349
2073,848.64392
2074,772.271972
2075,740.125915
2076,700.131896
2077,601.595642
2078,327.572998
2079,369.185455
2080,382.478851
2081,125.999382
2082,541.601806
2083,899.94873
2084,1088.238891
2085,1114.914916
2086,1102.025146
2087,858.48645
2088,641.497924
2089,593.299499
2090,625.512817
2091,754.032958
2092,814.910278
2093,689.455871
2094,749.067565
2095,626.555725
2096,519.686157
2097,581.801147
2098,142.315246
2099,145.729568
2100,222.904617
2101,492.518981
2102,723.155395
2103,922.997497
2104,1008.639831
2105,1077.02124
2106,992.493957
2107,864.54364
2108,877.131958
2109,673.913635
2110,620.539672
2111,593.932373
2112,832.121154
2113,763.270874
2114,764.729309
2115,713.226501
2116,639.724731
2117,582.282836
2118,544.639038
2119,63.255962
2120,34.051456
2121,170.674087
2122,361.049591
2123,492.518981
2124,723.155395
2125,922.997497
2126,1008.639831
2127,1077.02124
2128,992.493957
2129,864.54364
2130,901.418884
2131,744.461303
2132,539.836059
2133,590.033935
2134,816.872436
2135,860.157348
2136,780.80902
2137,752.021057
2138,836.842712
2139,689.38092
2140,515.885253
2141,146.697097
2142,31.137628
2143,154.682708
2144,745.830932
2145,1123.612304
2146,1109.347778
2147,989.5531
2148,995.795776
2149,1080.969116
2150,962.999084
2151,871.780456
2152,901.418884
2153,744.461303
2154,539.836059
2155,590.033935
2156,816.872436
2157,860.157348
2158,780.80902
2159,752.021057
2160,836.842712
2161,689.38092
2162,515.885253
2163,146.697097
2164,31.137628
2165,29.235572
2166,619.543457
2167,955.513
2168,1086.820922
2169,1028.027709
2170,968.135742
2171,929.844116
2172,1020.404785
2173,841.157958
2174,730.11322
2175,704.986694
2176,681.545898
2177,624.582702
2178,499.280303
2179,726.498901
2180,884.807189
2181,988.587402
2182,695.094665
2183,483.53897
2184,556.757446
2185,223.314331
2186,58.90195
2187,200.278442
2188,893.323791
2189,1172.021728
2190,1183.200317
2191,1020.339172
2192,1021.911315
2193,903.20288
2194,816.596191
2195,773.808227
2196,606.455932
2197,667.031921
2198,566.477233
2199,489.395294
2200,896.729614
2201,675.453796
2202,284.515411
2203,228.299545
2204,122.563232
2205,352.78659
2206,214.837249
2207,143.637451
2208,171.885299
2209,803.137268
2210,1148.206176
2211,1104.759765
2212,1091.924438
2213,1136.631835
2214,823.908264
2215,748.338256
2216,739.255371
2217,604.252319
2218,630.057617
2219,509.236785
2220,730.698364
2221,494.276428
2222,114.114257
2223,312.108551
2224,202.276855
2225,188.982604
2226,406.256591
2227,811.217285
2228,925.577331
2229,846.441467
2230,647.123291
2231,764.146057
2232,771.236938
2233,620.428466
2234,437.31369
2235,666.959716
2236,701.258117
2237,115.810066
2238,161.239822
2239,454.65158
2240,659.951538
2241,625.93988
2242,571.048217
2243,377.83908
2244,437.558135
2245,274.310241
2246,146.778839
2247,657.305664
2248,392.570922
2249,214.09906
2250,872.581481
2251,961.827514
2252,483.159881
2253,140.720962
2254,856.873046
2255,790.735839
2256,138.044647
2257,201.112319
2258,303.006683
2259,761.521423
2260,566.951965
2261,323.080047
2262,326.406829
2263,161.348693
2264,409.280487
2265,304.816406
2266,224.939834
2267,286.29425
