OID,param,density
4,,51.764266
7,,51.764266
9,,42.09452
11,,41.54774
12,,34.212554
14,,71.042037
15,,48.40829
17,,53.051994
20,,89.929016
21,,83.249588
22,,15.307608
24,,193.898361
25,,81.630348
26,,17.884515
27,,4.799206
28,,6.357366
30,,98.833259
31,,81.560127
32,,50.006343
33,,62.235824
34,,26.307222
35,,8.947763
36,,3.57005
39,,168.814544
40,,83.028167
41,,87.932518
42,,21.780071
43,,52.096721
44,,17.366985
45,,6.758632
46,,4.312016
49,,109.180633
50,,141.067398
51,,85.828353
52,,28.385276
53,,29.501232
54,,19.056018
55,,15.497931
56,,8.03974
57,,3.596213
62,,108.497802
63,,86.359298
64,,68.002731
65,,32.749763
66,,30.867513
67,,15.404577
68,,14.779426
69,,7.355573
70,,2.867901
79,,36.958663
80,,76.414558
81,,95.735382
82,,76.735908
83,,32.402778
84,,22.628498
85,,19.236654
86,,11.690738
87,,5.914251
88,,2.635236
91,,16.005439
93,,20.231203
94,,15.245417
96,,12.270838
107,,88.287078
108,,103.155776
109,,89.500541
110,,50.771358
111,,21.090116
112,,22.287805
113,,7.64342
114,,5.914251
115,,2.635236
117,,18.304101
118,,17.842544
119,,13.613239
123,,13.017583
124,,13.579279
125,,15.340234
128,,139.018508
129,,168.853668
139,,117.802261
140,,96.737815
141,,103.155776
142,,89.500541
143,,50.771358
144,,21.090116
145,,22.287805
146,,7.64342
147,,6.127685
148,,3.27578
149,,22.433036
150,,18.553085
152,,23.076667
154,,21.114524
156,,16.27312
157,,10.993357
158,,23.23693
162,,149.071609
163,,154.298889
164,,102.255332
165,,70.970764
166,,86.232383
167,,86.232383
168,,18.514139
173,,117.802261
174,,96.737815
175,,148.948196
176,,40.389244
177,,26.211854
178,,23.325019
179,,15.836584
180,,8.434402
181,,8.359723
182,,4.547841
183,,22.433036
184,,18.553085
186,,23.076667
188,,21.114524
190,,16.27312
191,,10.993357
192,,23.23693
196,,149.071609
197,,154.298889
198,,102.255332
199,,70.970764
200,,86.232383
201,,86.232383
202,,18.514139
209,,94.928672
210,,122.671615
211,,134.415786
212,,55.200237
213,,24.461671
214,,15.443972
215,,15.545216
216,,15.094345
217,,4.023453
218,,29.216585
219,,20.196311
220,,16.318439
222,,19.724897
223,,18.804084
224,,12.193803
225,,18.619724
226,,14.487576
227,,21.911378
229,,157.17926
230,,189.463333
231,,163.087005
232,,227.918884
233,,181.804138
237,,55.927478
238,,46.106388
239,,42.270347
246,,116.497428
247,,158.381561
248,,137.593643
249,,63.909271
250,,21.726121
251,,19.299888
252,,16.068109
253,,11.308279
254,,16.965528
255,,18.869253
256,,15.644538
257,,22.328065
259,,18.219326
260,,15.161259
262,,18.065822
263,,19.981786
264,,218.198257
265,,153.481933
266,,221.15541
268,,194.72087
269,,168.120101
270,,180.314956
271,,180.314956
272,,26.922151
273,,117.640289
274,,149.050918
275,,103.436645
281,,103.758903
282,,161.331558
283,,125.421234
284,,153.511428
285,,37.927925
286,,19.390798
287,,15.586052
288,,15.724375
289,,6.596108
290,,3.562498
291,,53.623031
292,,28.69486
293,,18.991888
294,,12.866168
295,,20.632825
297,,22.36503
298,,20.363183
299,,16.283754
300,,32.206207
302,,169.558471
303,,160.345916
304,,259.975799
305,,192.819595
306,,208.339248
307,,205.167007
308,,291.019531
311,,63.678638
312,,233.501312
313,,169.687225
315,,62.096256
317,,290.015411
321,,171.829696
322,,169.737533
323,,135.5354
324,,108.498054
325,,35.10741
326,,22.092746
327,,17.694046
328,,12.358399
329,,5.303016
330,,37.257122
331,,47.689987
332,,18.451644
333,,24.471824
334,,23.126653
335,,16.83786
336,,26.08665
337,,20.905614
338,,20.266519
339,,75.364334
340,,80.816268
341,,141.901626
342,,234.300872
343,,213.594711
345,,270.498748
346,,238.533676
347,,324.660614
348,,224.212493
349,,224.212493
351,,140.880432
352,,150.117279
356,,297.35791
360,,125.05249
361,,117.969451
362,,92.629341
363,,55.083187
364,,28.497032
365,,23.082691
366,,16.099834
367,,7.316708
368,,5.505179
369,,129.213668
370,,181.559722
371,,124.72544
372,,41.184349
373,,29.397083
374,,25.275291
375,,19.171688
376,,32.753223
378,,41.676353
379,,115.639274
380,,92.595298
381,,139.805633
382,,190.231109
383,,166.78479
384,,208.152618
385,,175.551589
386,,258.224792
387,,219.427825
388,,194.331161
389,,53.19279
390,,53.19279
391,,137.800735
392,,254.002151
396,,223.627853
405,,30.965024
406,,111.210441
407,,90.568603
408,,102.85292
409,,26.426507
410,,21.542213
411,,7.995778
412,,5.150465
413,,5.356256
414,,177.61174
415,,179.829803
416,,91.956398
417,,91.874168
418,,107.232696
419,,75.238494
420,,35.389617
421,,62.853641
422,,41.92044
423,,87.363334
424,,124.658256
425,,136.961181
426,,112.827133
427,,178.65744
428,,189.117813
429,,185.252502
430,,206.290664
431,,206.817443
432,,177.520919
433,,203.813949
434,,23.852865
435,,23.852865
436,,161.979583
437,,183.407821
445,,107.957916
446,,59.692451
449,,85.816581
450,,129.146194
451,,126.635742
452,,119.424232
453,,60.536472
454,,23.102252
455,,11.900225
456,,5.629285
457,,6.280086
458,,5.496439
459,,224.285491
460,,107.405532
461,,90.619514
462,,123.110519
463,,134.733459
465,,46.680809
466,,89.798408
467,,67.208572
468,,100.701782
469,,122.280883
470,,129.526901
471,,135.396865
472,,158.93869
473,,173.470352
474,,163.83815
475,,189.900787
476,,241.132431
477,,212.840728
478,,131.460342
479,,46.096412
480,,152.676727
481,,152.676727
486,,36.68938
490,,145.220291
493,,124.200927
494,,118.632339
495,,124.624671
496,,149.677459
497,,144.925567
498,,85.344184
499,,32.021266
500,,23.468629
501,,13.999189
502,,17.744544
503,,5.672645
504,,192.292236
506,,215.309143
507,,150.184646
508,,186.899963
510,,149.372192
511,,101.997421
512,,128.030654
513,,144.544692
514,,144.983535
515,,157.057281
516,,122.786743
517,,129.240524
518,,188.661163
519,,126.434974
520,,147.256851
521,,240.444946
522,,211.91188
524,,265.421722
525,,122.436607
526,,122.436607
529,,127.425239
530,,188.844207
531,,186.79692
532,,49.831562
537,,123.696189
538,,92.659751
539,,123.553771
540,,126.089988
541,,100.325073
542,,95.499664
543,,41.925319
545,,17.880874
546,,17.989509
547,,19.506891
548,,10.326135
549,,153.049499
550,,185.217559
551,,221.388961
552,,233.565246
553,,278.226013
554,,133.251098
555,,242.264541
556,,212.460281
557,,221.974884
558,,128.84764
559,,154.242691
560,,212.733535
561,,205.736877
562,,148.658645
563,,102.107078
564,,144.036117
565,,199.520141
566,,124.623092
567,,157.426208
568,,42.203746
569,,246.133148
573,,120.614463
574,,129.626312
575,,85.208106
576,,43.729648
577,,91.643348
581,,69.571052
582,,74.817474
583,,100.972106
584,,118.060287
585,,89.850769
586,,38.918151
587,,38.707126
588,,17.089023
589,,12.680776
590,,14.821575
591,,17.191707
592,,20.191383
593,,241.806259
594,,422.913177
595,,302.757232
596,,338.520294
597,,218.197906
598,,291.507385
599,,247.578887
600,,100.677719
601,,258.321105
602,,129.46495
603,,117.886764
604,,239.215057
605,,181.9393
606,,128.822052
607,,139.929153
608,,147.743652
609,,198.611862
610,,122.7416
613,,69.349464
615,,23.061025
616,,74.136367
617,,74.136367
618,,93.485061
619,,117.419807
620,,88.965202
621,,144.435775
622,,102.467323
623,,66.500587
624,,48.176319
625,,120.701286
626,,64.449104
627,,110.5046
628,,109.504119
629,,64.977859
630,,27.809032
631,,27.50242
632,,11.595621
633,,18.471942
634,,14.932022
635,,17.191707
636,,20.191383
637,,201.210296
638,,321.853942
639,,269.547973
640,,265.227508
641,,185.450714
642,,163.272171
643,,100.152816
644,,93.451667
645,,117.002555
646,,142.547225
647,,107.259765
648,,183.577774
649,,117.48291
650,,166.816543
651,,156.244155
652,,169.215652
653,,199.218734
654,,178.759811
655,,328.005554
656,,160.513504
657,,52.167129
659,,131.015502
660,,138.52388
661,,219.593719
662,,219.593719
663,,191.428665
664,,135.649047
665,,257.314514
666,,276.873321
667,,140.251525
668,,104.597084
669,,121.739608
670,,67.404983
671,,113.338844
672,,95.28276
673,,64.977859
674,,27.809032
675,,27.50242
676,,11.595621
677,,18.471942
678,,14.932022
679,,19.719032
680,,13.790146
681,,241.048721
682,,244.542617
683,,285.988739
684,,263.67633
685,,256.03189
686,,158.942489
687,,164.91632
688,,160.35971
689,,214.445526
690,,94.885421
691,,194.499343
692,,190.226516
693,,118.596778
694,,103.918533
695,,125.637145
696,,177.041732
697,,167.151397
698,,186.812255
699,,165.111801
700,,342.84027
701,,99.657546
703,,115.9962
704,,159.040588
705,,186.902252
706,,215.70462
707,,78.924636
708,,78.924636
709,,62.628578
710,,257.314514
711,,276.873321
712,,140.251525
713,,104.597084
714,,121.739608
715,,67.404983
716,,113.338844
717,,95.28276
718,,63.885929
719,,33.125675
720,,29.954927
721,,27.775062
723,,27.459203
724,,22.384201
725,,6.98174
726,,241.048721
727,,244.542617
728,,285.988739
729,,263.67633
730,,256.03189
731,,158.942489
732,,164.91632
733,,160.35971
734,,214.445526
735,,94.885421
736,,194.499343
737,,190.226516
738,,118.596778
739,,103.918533
740,,125.637145
741,,177.041732
742,,167.151397
743,,186.812255
744,,165.111801
745,,342.84027
746,,99.657546
748,,115.9962
749,,159.040588
750,,186.902252
751,,215.70462
752,,78.924636
753,,62.628578
754,,62.628578
755,,121.610992
756,,139.734817
757,,158.646575
758,,152.741729
759,,100.783859
760,,85.251876
761,,88.770019
762,,40.123569
763,,39.641452
764,,38.396762
765,,67.472175
766,,50.592639
767,,26.246912
768,,33.640815
769,,12.256344
770,,175.459976
771,,268.649444
772,,258.246734
773,,288.281188
774,,339.646545
775,,215.184921
776,,227.73059
777,,228.999984
778,,179.115844
779,,160.481353
780,,198.950622
781,,154.58641
782,,171.200439
783,,155.286361
784,,119.056007
785,,137.038345
786,,215.889739
787,,147.32936
788,,235.469177
789,,62.292232
790,,28.339498
792,,161.174438
793,,116.246589
794,,148.393951
795,,133.19104
796,,70.683708
797,,65.934944
798,,184.708984
799,,159.731475
800,,159.731475
801,,133.060241
802,,102.544029
803,,76.369338
804,,89.785751
805,,100.976448
806,,78.822158
807,,74.363365
808,,53.86354
809,,40.594081
810,,36.658622
811,,11.43842
812,,263.61267
813,,264.755615
814,,313.006713
815,,240.045959
816,,295.390136
817,,244.520904
818,,197.102325
819,,208.695114
820,,183.66426
821,,145.977127
822,,151.148986
823,,134.095153
824,,143.260589
825,,102.97467
826,,219.037231
827,,203.261657
828,,128.804275
829,,187.157012
830,,152.466644
831,,37.282646
833,,228.392639
834,,151.176284
835,,158.967025
836,,152.558883
837,,77.674285
838,,111.734741
839,,227.875656
840,,200.566299
841,,95.227455
842,,84.855422
843,,84.855422
844,,74.297866
845,,119.612632
846,,80.178123
847,,53.445167
848,,31.4512
849,,39.140773
850,,27.952268
851,,198.012649
852,,242.364318
853,,247.862808
854,,317.414855
855,,288.859527
856,,287.953552
857,,247.379882
858,,263.589874
859,,266.449981
860,,212.741409
861,,188.610992
862,,170.904388
863,,139.034027
864,,184.379074
865,,132.020431
866,,140.18991
867,,145.617874
868,,204.185333
869,,94.868347
870,,176.952514
871,,250.000289
872,,388.11914
873,,218.910461
874,,47.179458
875,,173.584472
876,,185.615798
877,,99.425323
878,,150.358276
879,,91.41275
880,,74.178184
881,,188.195465
882,,229.614562
883,,214.64505
884,,319.653625
885,,96.449737
886,,62.071056
887,,47.020145
888,,37.502899
889,,61.427391
890,,41.553867
891,,33.347011
892,,26.510379
893,,16.27193
894,,3.987985
895,,155.528335
896,,173.265518
897,,187.181457
898,,283.985382
899,,273.236022
900,,254.096191
901,,278.262176
902,,282.273803
903,,261.79721
904,,251.196731
905,,224.688766
906,,163.029037
907,,212.850204
908,,188.244873
909,,172.342117
910,,174.143508
911,,133.680282
912,,157.401962
913,,190.835189
914,,134.110977
915,,117.754241
916,,75.315689
919,,154.084915
920,,186.446044
921,,193.354995
922,,235.119522
923,,258.826019
924,,95.911224
925,,187.457458
926,,193.989669
927,,90.519157
928,,91.612632
929,,44.55738
930,,30.878999
931,,27.589879
932,,41.582622
933,,41.582622
934,,26.599224
935,,19.345005
936,,7.910866
937,,5.999109
938,,268.703643
939,,275.89859
940,,187.918914
941,,217.996368
942,,259.690155
943,,256.64682
944,,254.201065
945,,244.603012
946,,286.448822
947,,262.972473
948,,139.525497
949,,130.760147
950,,130.753387
951,,109.353996
952,,118.775306
953,,160.292541
954,,229.175582
955,,132.536758
956,,53.326358
959,,6.675848
960,,183.367156
961,,186.872955
962,,215.722808
963,,193.578826
964,,244.432266
965,,246.162048
966,,396.216522
967,,400.70758
968,,260.236602
969,,96.549827
970,,63.348567
971,,29.059268
972,,26.241378
973,,27.534034
974,,15.666617
975,,12.142631
976,,10.828335
977,,3.32149
979,,199.041229
980,,179.279312
981,,168.051071
982,,260.810577
983,,282.10086
984,,298.222808
985,,221.437301
986,,249.67424
987,,230.706115
988,,223.135726
989,,175.497528
990,,146.806472
991,,153.674362
992,,150.16806
993,,182.195144
994,,178.785476
997,,62.300964
998,,78.642776
999,,128.743316
1000,,154.976776
1001,,133.170242
1002,,127.346832
1003,,119.161056
1004,,134.433731
1005,,202.673934
1006,,206.117019
1007,,417.145721
1008,,392.930603
1009,,177.541503
1010,,27.926261
1011,,11.147671
1012,,7.048306
1013,,8.308948
1014,,9.125942
1016,,226.841842
1017,,150.875564
1018,,176.627075
1019,,257.714538
1020,,265.657562
1021,,270.767242
1022,,209.436477
1023,,240.354309
1024,,250.571792
1025,,231.639938
1026,,171.645782
1027,,240.045623
1028,,213.874725
1029,,221.605148
1030,,235.13417
1031,,252.873458
1034,,109.475387
1035,,104.335624
1036,,96.457633
1037,,200.651611
1038,,142.336151
1039,,209.569396
1040,,43.702232
1041,,77.461341
1042,,123.719459
1043,,213.171524
1044,,203.02275
1045,,251.704071
1046,,243.32846
1047,,135.99533
1048,,22.827013
1049,,8.92578
1050,,5.365552
1051,,7.670572
1052,,7.8092
1054,,250.621185
1055,,197.692718
1056,,180.294815
1057,,207.520553
1058,,255.989181
1059,,238.645187
1060,,209.024307
1061,,304.895904
1062,,321.734527
1063,,242.626892
1064,,196.652969
1065,,168.25299
1066,,189.463333
1067,,202.985275
1068,,214.540496
1069,,59.207817
1071,,42.625881
1072,,142.539199
1073,,176.788421
1074,,160.890121
1075,,132.27716
1076,,72.925361
1077,,105.349655
1078,,55.099414
1079,,73.040901
1080,,93.377563
1081,,185.888458
1082,,204.484375
1083,,277.639678
1084,,255.820831
1085,,136.886352
1086,,17.324178
1087,,10.997474
1088,,6.369455
1089,,9.8673
1090,,4.591298
1092,,195.351806
1093,,162.811935
1094,,215.104904
1095,,226.94194
1096,,282.143798
1097,,274.214965
1098,,242.830429
1099,,286.693176
1100,,304.196655
1101,,180.624679
1102,,174.186614
1103,,189.321258
1104,,196.694915
1105,,280.220153
1106,,121.911605
1109,,177.2966
1110,,186.423309
1111,,131.500106
1112,,158.415817
1113,,63.472053
1115,,84.417907
1116,,138.468826
1117,,61.311939
1118,,139.812911
1119,,154.314437
1120,,192.494949
1121,,214.412628
1122,,232.546646
1123,,123.696052
1124,,21.202569
1125,,20.195022
1126,,14.375046
1127,,23.293464
1128,,6.753512
1129,,201.877792
1130,,159.290496
1131,,211.358001
1132,,235.185409
1133,,267.414978
1134,,355.873626
1135,,343.524169
1136,,312.849639
1137,,251.698226
1138,,198.19519
1139,,156.880218
1140,,109.456176
1141,,80.820793
1142,,59.290035
1143,,101.989608
1144,,240.890014
1145,,240.372924
1146,,187.313278
1147,,236.348922
1148,,154.352264
1149,,73.024528
1151,,17.218852
1152,,87.574478
1153,,159.628692
1154,,117.848045
1155,,206.455169
1156,,153.053314
1157,,176.432479
1158,,219.616333
1159,,176.037567
1160,,210.54953
1161,,66.288185
1162,,30.532636
1163,,26.883422
1164,,40.346923
1165,,6.753512
1166,,242.244613
1167,,179.938171
1168,,159.944732
1169,,224.997482
1170,,238.529708
1171,,248.486251
1172,,249.886306
1173,,238.817687
1174,,166.713043
1175,,108.876358
1176,,107.78598
1177,,128.885421
1178,,149.555358
1179,,64.326667
1180,,174.593505
1181,,253.669601
1182,,246.940521
1183,,211.696441
1184,,250.829483
1185,,209.995941
1186,,86.760932
1187,,31.066287
1188,,133.248199
1189,,147.134002
1190,,142.982254
1191,,132.320068
1192,,155.278396
1193,,154.203536
1194,,172.631561
1195,,189.548248
1196,,171.8255
1197,,137.874389
1198,,44.457294
1199,,179.938171
1200,,159.944732
1201,,224.997482
1202,,238.529708
1203,,248.486251
1204,,32.434852
1205,,35.482131
1206,,119.995567
1207,,163.15625
1208,,179.547042
1209,,155.265396
1210,,222.708419
1211,,45.726863
1212,,262.853485
1213,,331.155456
1214,,218.659362
1215,,300.193298
1216,,281.819885
1217,,269.154937
1218,,77.584175
1219,,111.118362
1220,,328.657409
1221,,185.009811
1222,,196.826416
1223,,198.618652
1224,,294.993713
1225,,164.964569
1226,,172.631561
1227,,189.548248
1228,,171.8255
1229,,137.874389
1230,,44.457294
1231,,207.500244
1232,,165.225814
1233,,173.130599
1234,,143.960525
1235,,32.434852
1236,,35.482131
1237,,119.995567
1238,,163.15625
1239,,179.547042
1240,,155.265396
1241,,222.708419
1242,,45.726863
1243,,262.853485
1244,,331.155456
1245,,218.659362
1246,,300.193298
1247,,281.819885
1248,,269.154937
1249,,77.584175
1250,,111.118362
1251,,328.657409
1252,,185.009811
1253,,196.826416
1254,,198.618652
1255,,294.993713
1256,,164.964569
1257,,118.338081
1258,,182.850555
1259,,110.932731
1260,,189.79512
1261,,153.005889
1262,,126.062828
1263,,82.945793
1264,,257.519714
1265,,195.577774
1266,,223.243499
1267,,184.844467
1268,,130.06726
1269,,203.772598
1270,,189.81723
1271,,219.93843
1272,,203.414215
1273,,219.680084
1274,,191.449234
1275,,198.185729
1276,,72.310424
1277,,256.556579
1278,,299.396331
1279,,219.879791
1280,,251.193542
1281,,274.134277
1282,,231.39888
1283,,115.619972
1284,,209.368331
1285,,258.587585
1286,,230.703903
1287,,209.173629
1288,,262.790283
1289,,158.726821
1290,,218.239486
1291,,151.887847
1292,,162.427551
1293,,163.513076
1294,,136.687713
1295,,213.80722
1296,,198.770629
1297,,67.987129
1298,,67.789794
1299,,89.598129
1300,,66.479187
1301,,128.909286
1302,,54.13541
1303,,65.630172
1304,,89.514137
1305,,136.66072
1306,,226.455993
1307,,187.990341
1308,,162.991027
1309,,155.50003
1310,,194.57817
1311,,188.474411
1312,,282.94522
1313,,134.168319
1314,,242.184707
1315,,192.627075
1316,,272.519744
1317,,296.616088
1318,,214.653549
1319,,186.227615
1320,,215.724029
1321,,245.052291
1322,,211.298019
1323,,202.963546
1324,,251.294967
1325,,252.800765
1326,,273.003479
1327,,256.082214
1328,,251.851119
1329,,149.113571
1330,,204.352005
1331,,141.912567
1332,,160.869125
1333,,177.553359
1334,,61.323863
1335,,160.631027
1336,,69.126365
1337,,51.969253
1338,,59.668956
1339,,44.222305
1340,,83.011138
1341,,171.92247
1342,,93.424926
1343,,191.905654
1344,,132.398742
1345,,107.84645
1346,,120.218498
1347,,128.781814
1348,,172.866912
1349,,187.239624
1350,,259.657257
1351,,315.535003
1352,,156.657196
1353,,127.811607
1354,,285.598266
1355,,261.304779
1356,,217.256362
1357,,246.652709
1358,,130.060607
1359,,173.082275
1360,,148.716201
1361,,150.473312
1362,,174.806961
1363,,231.487777
1364,,259.109466
1365,,291.679077
1366,,297.264465
1367,,181.7583
1368,,141.045379
1369,,160.180587
1370,,151.353134
1371,,115.770149
1372,,145.167877
1373,,154.752532
1374,,174.96376
1375,,69.434989
1376,,93.666748
1377,,49.975734
1378,,65.571228
1379,,61.046607
1380,,183.56668
1381,,152.928695
1382,,138.551422
1383,,101.699615
1384,,161.614562
1385,,724.678405
1386,,527.726318
1387,,117.055824
1388,,112.720581
1389,,116.901039
1390,,144.566986
1391,,182.558105
1392,,238.709884
1393,,370.407196
1394,,201.153167
1395,,91.388938
1396,,297.66809
1397,,259.319488
1398,,211.938781
1399,,198.593963
1400,,191.061233
1401,,200.496719
1402,,145.543853
1403,,224.610717
1404,,288.502593
1405,,294.394622
1406,,355.152038
1407,,223.147476
1408,,231.383316
1409,,112.605606
1410,,93.186813
1411,,108.977912
1412,,125.330955
1413,,161.266693
1414,,171.977447
1415,,203.588638
1416,,148.462326
1417,,109.815376
1418,,166.611587
1419,,53.314048
1420,,114.513656
1421,,82.30027
1422,,112.008377
1423,,209.346145
1424,,184.068435
1425,,120.8852
1426,,107.898277
1427,,100.142929
1428,,58.971111
1429,,104.015602
1430,,130.254486
1431,,358.717712
1432,,403.72171
1433,,171.232406
1434,,152.48233
1435,,117.397644
1436,,142.26419
1437,,231.147491
1438,,250.060409
1439,,272.357147
1440,,238.398147
1441,,59.017166
1442,,242.114379
1443,,237.048416
1444,,231.759765
1445,,161.203781
1446,,204.223587
1447,,162.909881
1448,,199.722106
1449,,284.038024
1450,,250.184432
1451,,220.91246
1452,,294.650482
1453,,253.819473
1454,,243.893066
1455,,134.797241
1456,,81.47628
1457,,100.810203
1458,,95.991821
1459,,129.000778
1460,,175.136245
1461,,174.192184
1462,,162.457641
1463,,92.803939
1464,,123.114089
1465,,79.501441
1466,,127.060852
1467,,119.001403
1468,,75.588424
1469,,56.965881
1470,,112.491989
1471,,119.195648
1472,,105.828239
1473,,161.340194
1474,,199.818328
1475,,244.299392
1476,,222.923995
1477,,205.838302
1478,,185.091583
1479,,156.822631
1480,,182.854461
1481,,170.359359
1482,,147.477676
1483,,117.210678
1484,,137.140441
1485,,252.62001
1486,,262.381378
1487,,313.151794
1488,,120.126304
1489,,82.43824
1490,,309.404113
1491,,247.840591
1492,,150.52597
1493,,171.414337
1494,,92.348724
1495,,118.084877
1496,,190.094268
1497,,276.41806
1498,,227.421844
1499,,280.387878
1500,,346.464721
1501,,217.620788
1502,,236.907043
1503,,212.399612
1504,,104.920074
1505,,91.558509
1506,,105.179702
1507,,109.854873
1508,,134.382995
1509,,158.362045
1510,,140.775863
1511,,165.876037
1512,,211.656402
1513,,148.984954
1514,,161.366821
1515,,97.500099
1516,,73.336898
1517,,65.384658
1518,,100.558746
1519,,143.964309
1520,,92.496162
1521,,147.757232
1522,,148.383514
1523,,171.973632
1524,,184.721878
1525,,219.979385
1526,,235.286163
1527,,222.199707
1528,,238.589447
1529,,210.200927
1530,,150.091156
1531,,110.0214
1532,,144.397628
1533,,146.064453
1534,,191.284759
1535,,317.129791
1536,,266.887481
1537,,386.77008
1538,,69.379905
1539,,118.058746
1540,,397.098724
1541,,372.868041
1542,,157.93666
1543,,115.807945
1544,,10.807558
1545,,9.297983
1546,,207.610733
1547,,266.713897
1548,,262.498748
1549,,266.48648
1550,,270.483856
1551,,246.100143
1552,,224.139816
1553,,145.231048
1554,,87.791275
1555,,78.870323
1556,,102.051437
1557,,130.745239
1558,,124.886962
1559,,150.261077
1560,,156.202636
1561,,175.7285
1562,,239.713668
1563,,162.684402
1564,,148.280487
1565,,78.840866
1566,,101.143089
1567,,89.199806
1568,,74.453536
1569,,116.856079
1570,,130.905593
1571,,88.772491
1572,,70.330352
1573,,96.631782
1574,,182.831832
1575,,174.818954
1576,,185.352783
1577,,206.502975
1578,,178.97174
1579,,229.382278
1580,,268.101135
1581,,251.562072
1582,,229.178527
1583,,163.279525
1584,,165.280181
1585,,183.458221
1586,,297.525787
1587,,360.151336
1588,,298.954406
1589,,362.819763
1590,,81.602951
1591,,194.947982
1592,,423.334533
1593,,225.175033
1594,,139.709747
1595,,68.328079
1596,,54.446022
1598,,183.077301
1599,,245.792358
1600,,247.115249
1601,,291.471984
1602,,259.225097
1603,,208.804092
1604,,177.262496
1605,,163.662734
1606,,84.778068
1607,,85.30754
1608,,102.64891
1609,,100.02346
1610,,101.132095
1611,,111.611724
1612,,155.930313
1613,,161.076583
1614,,134.431655
1615,,94.390541
1616,,137.088714
1617,,59.7513
1618,,66.457359
1619,,96.058647
1620,,65.396995
1621,,183.174835
1622,,125.795608
1623,,182.723358
1624,,179.245178
1625,,137.262634
1626,,164.151046
1627,,131.802062
1628,,147.87651
1629,,205.758621
1630,,161.449615
1631,,230.443923
1632,,264.204376
1633,,162.028778
1634,,212.614181
1635,,192.961746
1636,,208.254776
1637,,276.267913
1638,,221.709899
1639,,273.570251
1640,,342.974304
1641,,199.360717
1642,,66.652473
1643,,249.305587
1644,,318.090301
1645,,167.780487
1646,,83.890678
1647,,125.501869
1648,,274.988403
1649,,159.810623
1650,,191.509658
1651,,262.401275
1652,,275.820678
1653,,292.618652
1654,,252.506561
1655,,211.606811
1656,,164.473007
1657,,167.130203
1658,,109.595611
1659,,99.720069
1660,,108.892959
1661,,99.924819
1662,,118.815834
1663,,119.647979
1664,,126.867752
1665,,126.753684
1666,,144.631683
1667,,136.503265
1668,,79.79911
1669,,136.091369
1670,,139.105834
1671,,162.235244
1672,,99.595252
1673,,138.917587
1674,,252.823425
1675,,218.731094
1676,,198.074981
1677,,164.731643
1678,,172.307312
1679,,209.687408
1680,,241.568679
1681,,244.002227
1682,,347.260955
1683,,297.634002
1684,,168.137237
1685,,198.378997
1686,,187.56044
1687,,327.111022
1688,,285.954315
1689,,221.604278
1690,,247.504058
1691,,380.911529
1692,,153.565765
1693,,164.928634
1694,,308.729827
1695,,308.827636
1696,,202.88916
1697,,219.832199
1698,,235.433792
1699,,286.84082
1700,,251.311874
1701,,231.216445
1702,,210.908493
1703,,226.945831
1704,,275.202331
1705,,255.969848
1706,,213.296173
1707,,159.691833
1708,,167.612533
1709,,131.969573
1710,,124.765235
1711,,100.151802
1712,,133.81343
1713,,138.953552
1714,,122.131713
1715,,137.887817
1716,,160.160339
1717,,155.174423
1718,,164.222305
1719,,188.631134
1720,,170.43991
1721,,176.917556
1722,,162.235244
1723,,99.595252
1724,,138.917587
1725,,252.823425
1726,,218.731094
1727,,198.074981
1728,,164.731643
1729,,172.307312
1730,,209.687408
1731,,223.848526
1732,,215.678253
1733,,306.104492
1734,,257.565551
1735,,297.443145
1736,,275.003143
1737,,272.437561
1738,,618.657958
1739,,362.241058
1740,,214.195526
1741,,75.134475
1742,,369.161499
1743,,69.349288
1744,,231.507919
1745,,286.159729
1746,,271.209899
1747,,212.995483
1748,,227.248825
1749,,204.190887
1750,,220.309127
1751,,248.050659
1752,,220.026138
1753,,196.551437
1754,,179.555175
1755,,187.367996
1756,,203.228454
1757,,199.86412
1758,,179.177368
1759,,170.4971
1760,,170.462112
1761,,114.38858
1762,,76.010742
1763,,133.705947
1764,,145.884811
1765,,165.67723
1766,,137.887817
1767,,160.160339
1768,,155.174423
1769,,164.222305
1770,,188.631134
1771,,170.43991
1772,,176.917556
1773,,125.230491
1774,,121.634735
1775,,83.479072
1776,,286.507965
1777,,249.17041
1778,,252.065322
1779,,151.385025
1780,,208.599624
1781,,193.77774
1782,,233.917266
1783,,223.848526
1784,,215.678253
1785,,306.104492
1786,,257.565551
1787,,297.443145
1788,,275.003143
1789,,272.437561
1790,,618.657958
1791,,362.241058
1792,,214.195526
1793,,75.134475
1794,,329.175567
1795,,60.040615
1796,,267.882019
1797,,310.794189
1798,,297.528747
1799,,262.880065
1800,,369.112213
1801,,303.354034
1802,,237.486068
1803,,209.825149
1804,,207.808853
1805,,214.803176
1806,,179.555175
1807,,187.367996
1808,,203.228454
1809,,199.86412
1810,,179.177368
1811,,170.4971
1812,,170.462112
1813,,114.38858
1814,,76.010742
1815,,133.705947
1816,,145.884811
1817,,165.67723
1818,,181.885711
1819,,187.329925
1820,,171.839462
1821,,173.128158
1822,,98.277816
1823,,164.5484
1824,,145.68283
1825,,115.044395
1826,,144.676361
1827,,115.455657
1828,,120.32592
1829,,169.767517
1830,,188.63092
1831,,178.012252
1832,,171.814132
1833,,150.825653
1834,,189.533187
1835,,205.112167
1836,,290.546539
1837,,262.420654
1838,,294.190826
1839,,313.987304
1840,,286.936065
1841,,459.474395
1842,,350.871337
1843,,264.480743
1844,,226.458419
1845,,329.175567
1846,,60.040615
1847,,267.882019
1848,,310.794189
1849,,297.528747
1850,,262.880065
1851,,369.112213
1852,,303.354034
1853,,237.486068
1854,,209.825149
1855,,207.808853
1856,,214.803176
1857,,180.028747
1858,,195.966537
1859,,199.198471
1860,,202.066024
1861,,166.964889
1862,,148.393493
1863,,104.672897
1864,,99.613166
1865,,85.906341
1866,,113.282539
1867,,156.865798
1868,,143.886718
1869,,154.177642
1870,,184.218521
1871,,180.467041
1872,,175.594909
1873,,116.603958
1874,,110.351234
1875,,106.229621
1876,,125.05175
1877,,124.768165
1878,,96.708076
1879,,106.727066
1880,,168.46466
1881,,284.90274
1882,,167.07994
1883,,217.444549
1884,,249.577972
1885,,254.940231
1886,,260.302795
1887,,248.49501
1888,,341.026123
1889,,338.388671
1890,,280.453735
1891,,266.347473
1892,,336.813629
1893,,327.761962
1894,,401.860473
1895,,27.784357
1896,,103.953956
1897,,269.760009
1898,,312.87152
1899,,345.425628
1900,,205.899261
1901,,173.294601
1902,,181.337265
1903,,217.140838
1904,,245.025253
1905,,185.455352
1906,,192.463378
1907,,194.209579
1908,,201.486068
1909,,189.501907
1910,,152.001983
1911,,93.820388
1912,,99.307899
1913,,49.683952
1914,,76.905578
1915,,137.9664
1916,,162.414306
1917,,178.151885
1918,,138.015701
1919,,140.6604
1920,,143.798751
1921,,129.041564
1922,,93.550407
1923,,118.783531
1924,,146.827667
1925,,202.402221
1926,,139.693954
1927,,98.085037
1928,,47.898532
1929,,31.265033
1930,,382.439361
1931,,237.542984
1932,,239.565078
1933,,258.682434
1934,,272.139312
1935,,236.033767
1936,,248.487686
1937,,329.742279
1938,,296.89685
1939,,348.081054
1940,,291.879791
1941,,316.592376
1942,,280.825378
1943,,362.150665
1944,,88.977806
1945,,113.623954
1946,,275.792358
1947,,278.192108
1948,,296.854644
1949,,215.592391
1950,,207.870513
1951,,195.396987
1952,,234.641921
1953,,212.890197
1954,,171.89949
1955,,141.809585
1956,,187.213211
1957,,138.179397
1958,,170.7518
1959,,148.649215
1960,,116.119392
1961,,75.124176
1962,,73.399246
1963,,196.656875
1964,,184.751571
1965,,173.359207
1966,,123.416641
1967,,121.029304
1968,,100.975608
1969,,101.589538
1970,,83.150177
1971,,99.237777
1972,,124.829223
1973,,92.516242
1974,,158.396301
1975,,42.68655
1976,,378.798583
1977,,298.824951
1978,,229.794052
1979,,222.99858
1980,,274.699737
1981,,217.123092
1982,,252.363616
1983,,276.914825
1984,,303.82666
1985,,286.694824
1986,,299.270233
1987,,352.562896
1988,,356.992523
1989,,339.582977
1990,,180.284591
1991,,114.291358
1992,,193.931991
1993,,246.034011
1994,,275.250335
1995,,202.511962
1996,,143.948913
1997,,118.595336
1998,,101.79409
1999,,26.481647
2000,,59.476104
2001,,81.216003
2002,,55.745025
2003,,18.821367
2004,,19.044824
2005,,267.31781
2006,,307.277343
2007,,315.717407
2008,,270.233642
2009,,322.828979
2010,,381.646972
2011,,353.636413
2012,,364.078674
2013,,430.48117
2014,,70.391304
2015,,342.622558
2016,,219.761764
2017,,67.310691
2018,,54.472881
2019,,260.148132
2020,,317.356323
2021,,338.116607
2022,,310.203399
2023,,293.521148
2024,,312.550567
2025,,370.333465
2026,,352.094482
2027,,354.049255
2028,,433.005615
2029,,52.843441
2030,,318.654541
2031,,122.006362
2032,,279.405059
2033,,232.924057
2034,,231.364257
2035,,342.804595
2036,,340.626098
2037,,268.242492
2038,,298.473937
2039,,343.820129
2040,,323.343048
2041,,343.784088
2042,,347.170959
2043,,421.380126
2044,,22.145345
2045,,152.53157
2046,,242.302886
2047,,252.213378
2048,,306.062622
2049,,402.896606
2050,,411.133666
2051,,366.623077
2052,,330.464691
2053,,283.865386
2054,,271.083465
2055,,293.721099
2056,,364.265289
2057,,307.995483
2058,,315.473815
2059,,429.054443
2060,,334.891693
2061,,122.021911
2062,,138.717651
2063,,306.815765
2064,,381.260986
2065,,383.651214
2066,,223.782333
2067,,420.068328
2068,,360.079986
2069,,317.275177
2070,,293.31668
2071,,351.2229
2072,,304.273834
2073,,338.755523
2074,,354.04956
2075,,342.200439
2076,,338.028198
2077,,265.477844
2078,,191.709564
2079,,164.957107
2080,,290.74765
2081,,192.977386
2082,,320.624603
2083,,319.592712
2084,,363.748687
2085,,386.340728
2086,,418.834381
2087,,328.872253
2088,,336.224761
2089,,324.234527
2090,,288.552246
2091,,349.686035
2092,,336.536102
2093,,311.186065
2094,,410.261352
2095,,266.245697
2096,,264.636291
2097,,314.744964
2098,,68.883438
2099,,145.125091
2100,,355.608428
2101,,310.297698
2102,,318.261352
2103,,299.098937
2104,,334.87976
2105,,347.436614
2106,,362.182464
2107,,313.179016
2108,,330.931823
2109,,259.111267
2110,,278.468292
2111,,248.571762
2112,,379.11737
2113,,335.648712
2114,,360.736267
2115,,282.187133
2116,,232.289047
2117,,245.651885
2118,,260.635467
2119,,27.103633
2120,,40.799671
2121,,306.145111
2122,,309.49295
2123,,310.297698
2124,,318.261352
2125,,299.098937
2126,,334.87976
2127,,347.436614
2128,,362.182464
2129,,313.179016
2130,,342.334472
2131,,311.658599
2132,,252.278411
2133,,234.801666
2134,,365.348937
2135,,343.136627
2136,,223.559417
2137,,252.932281
2138,,318.386993
2139,,293.26651
2140,,310.629241
2141,,94.208915
2142,,34.760192
2143,,301.680267
2144,,302.115051
2145,,363.487365
2146,,323.20758
2147,,314.406036
2148,,324.812774
2149,,363.837005
2150,,363.44876
2151,,296.649078
2152,,342.334472
2153,,311.658599
2154,,252.278411
2155,,234.801666
2156,,365.348937
2157,,343.136627
2158,,223.559417
2159,,252.932281
2160,,318.386993
2161,,293.26651
2162,,310.629241
2163,,94.208915
2164,,34.760192
2165,,33.878086
2166,,310.314025
2167,,330.73767
2168,,346.785247
2169,,345.649658
2170,,338.129486
2171,,346.578857
2172,,344.654022
2173,,303.916748
2174,,302.004608
2175,,258.608703
2176,,277.42453
2177,,246.234909
2178,,200.57106
2179,,239.523208
2180,,311.658294
2181,,340.498199
2182,,226.615783
2183,,249.747573
2184,,321.572174
2185,,200.863021
2186,,70.818222
2187,,339.470458
2188,,296.092102
2189,,361.200836
2190,,361.50354
2191,,281.639068
2192,,340.886657
2193,,322.129119
2194,,282.43399
2195,,315.591461
2196,,288.910186
2197,,275.23999
2198,,246.462326
2199,,144.326828
2200,,292.17752
2201,,286.45401
2202,,192.928878
2203,,177.727584
2204,,177.703094
2205,,267.171997
2206,,253.963455
2207,,294.635986
2208,,348.810699
2209,,329.966796
2210,,384.324768
2211,,353.627563
2212,,344.732208
2213,,363.67453
2214,,248.643585
2215,,269.338684
2216,,255.132858
2217,,267.168273
2218,,296.409698
2219,,257.365173
2220,,228.101715
2221,,237.738296
2222,,209.472793
2223,,258.684906
2224,,269.278839
2225,,381.991638
2226,,383.800201
2227,,290.404418
2228,,303.565979
2229,,257.85617
2230,,195.921936
2231,,273.575195
2232,,289.016113
2233,,314.821838
2234,,223.433685
2235,,250.443206
2236,,271.705047
2237,,726.011352
2238,,209.246887
2239,,269.230346
2240,,237.179779
2241,,201.179275
2242,,209.438873
2243,,207.060791
2244,,296.069488
2245,,247.005447
2246,,139.96614
2247,,275.796722
2248,,230.266021
2249,,238.38031
2250,,278.820892
2251,,308.877166
2252,,395.906219
2253,,153.151672
2254,,308.796752
2255,,292.961822
2256,,206.749908
2257,,137.912673
2258,,212.489517
2259,,309.492462
2260,,383.459838
2261,,415.752227
2262,,244.390106
2263,,165.951736
2264,,268.104644
2265,,204.638107
2266,,318.037292
2267,,263.28543
