OID,param,emissions
7,Milk,49.004661
9,Milk,26.962875
11,Milk,21.673727
12,Milk,67.033958
14,Milk,30.741138
15,Milk,38.595188
17,Milk,23.703628
20,Milk,30.017356
21,Milk,42.427726
22,Milk,5.893578
24,Milk,97.881393
25,Milk,69.806884
26,Milk,5.56746
27,Milk,1.208684
28,Milk,2.305391
30,Milk,46.332172
31,Milk,41.160907
32,Milk,9.735415
33,Milk,25.623025
34,Milk,3.620764
35,Milk,0
36,Milk,1.40725
39,Milk,79.499397
40,Milk,38.87667
41,Milk,27.305936
42,Milk,3.116674
43,Milk,20.897188
44,Milk,3.756881
45,Milk,0.750983
46,Milk,0.846144
49,Milk,61.585384
50,Milk,63.117813
51,Milk,18.157793
52,Milk,5.698295
53,Milk,4.388067
54,Milk,4.598536
55,Milk,6.172094
56,Milk,1.257132
57,Milk,1.063673
62,Milk,58.810146
63,Milk,31.782751
64,Milk,16.934885
65,Milk,10.809415
66,Milk,6.479878
67,Milk,5.172389
68,Milk,3.327671
69,Milk,1.204265
70,Milk,1.035955
71,Milk,29.788997
79,Milk,16.990507
80,Milk,32.641761
81,Milk,37.122901
82,Milk,15.052764
83,Milk,7.989025
84,Milk,6.479878
85,Milk,5.172389
86,Milk,3.327671
87,Milk,1.204265
88,Milk,1.035955
92,Milk,7.040809
94,Milk,10.799648
95,Milk,7.41768
97,Milk,8.282314
106,Milk,16.990507
107,Milk,32.641761
108,Milk,37.122901
109,Milk,15.052764
110,Milk,7.989025
111,Milk,4.673982
112,Milk,4.907387
113,Milk,3.34228
114,Milk,1.604223
115,Milk,0.811388
118,Milk,8.963978
119,Milk,10.315438
120,Milk,6.74911
125,Milk,7.500964
126,Milk,12.869535
129,Milk,52.811531
130,Milk,75.77687
140,Milk,14.129302
141,Milk,31.178487
142,Milk,43.988746
143,Milk,19.168453
144,Milk,3.060087
145,Milk,3.26168
146,Milk,2.69421
147,Milk,1.733234
148,Milk,1.046035
151,Milk,8.963978
152,Milk,10.315438
153,Milk,6.74911
158,Milk,7.500964
159,Milk,12.869535
163,Milk,52.811531
164,Milk,75.77687
173,Milk,91.160858
174,Milk,66.46286
175,Milk,51.580749
176,Milk,8.999152
177,Milk,6.231222
178,Milk,3.237675
179,Milk,2.848834
180,Milk,2.399802
181,Milk,2.026664
182,Milk,0.92361
184,Milk,23.4377
185,Milk,10.402005
187,Milk,10.772402
189,Milk,11.698631
191,Milk,9.252546
192,Milk,7.159731
193,Milk,8.08172
197,Milk,75.397994
198,Milk,89.271362
199,Milk,43.28477
200,Milk,25.541362
201,Milk,29.981664
202,Milk,27.951087
209,Milk,42.449874
210,Milk,39.666667
211,Milk,37.845195
212,Milk,10.038691
213,Milk,4.506771
214,Milk,4.436911
215,Milk,4.827632
216,Milk,4.754811
217,Milk,1.386221
219,Milk,26.506847
220,Milk,10.375022
221,Milk,10.197702
223,Milk,10.70809
224,Milk,10.188642
225,Milk,7.271677
226,Milk,8.669919
227,Milk,7.6515
228,Milk,10.006228
230,Milk,60.970249
231,Milk,60.282638
232,Milk,53.342708
233,Milk,117.368949
234,Milk,84.268447
237,Milk,21.205902
238,Milk,31.668474
239,Milk,22.923433
246,Milk,53.22808
247,Milk,71.15567
248,Milk,53.872249
249,Milk,24.556644
250,Milk,4.517636
251,Milk,6.156862
252,Milk,4.947146
253,Milk,2.866222
254,Milk,38.299793
255,Milk,10.208905
256,Milk,9.920872
257,Milk,8.154407
258,Milk,11.603237
260,Milk,9.815805
261,Milk,9.235498
263,Milk,6.558205
264,Milk,7.641751
265,Milk,97.308784
266,Milk,68.810272
267,Milk,130.451538
269,Milk,95.829978
270,Milk,65.581474
271,Milk,60.593662
272,Milk,30.256805
273,Milk,36.46725
274,Milk,57.913818
275,Milk,29.963228
281,Milk,31.665513
282,Milk,65.083442
283,Milk,41.082626
284,Milk,55.171691
285,Milk,8.991021
286,Milk,5.175233
287,Milk,4.712052
288,Milk,3.990503
289,Milk,0.910555
290,Milk,2.976445
292,Milk,53.204193
293,Milk,8.300719
294,Milk,9.653404
295,Milk,4.071177
296,Milk,6.785348
298,Milk,12.291967
299,Milk,11.141102
300,Milk,7.555155
301,Milk,5.846512
303,Milk,57.786495
305,Milk,112.36502
306,Milk,83.104629
307,Milk,102.906372
308,Milk,106.84452
309,Milk,146.641632
311,Milk,27.334297
312,Milk,91.201324
313,Milk,82.749359
315,Milk,140.608627
317,Milk,124.651924
321,Milk,80.581672
322,Milk,45.218193
323,Milk,58.725677
324,Milk,28.567008
325,Milk,11.89287
326,Milk,8.16043
327,Milk,5.03388
328,Milk,1.835172
329,Milk,1.797808
330,Milk,70.140556
331,Milk,10.847333
332,Milk,15.122434
333,Milk,8.81626
334,Milk,5.592818
335,Milk,11.225008
336,Milk,8.438269
337,Milk,13.553881
338,Milk,7.726497
339,Milk,6.833532
340,Milk,28.024038
341,Milk,36.713809
342,Milk,62.000144
343,Milk,121.666419
344,Milk,67.251815
346,Milk,110.567878
347,Milk,92.606391
348,Milk,134.719589
349,Milk,115.339653
351,Milk,63.723011
352,Milk,44.92675
356,Milk,163.799438
360,Milk,38.458095
361,Milk,34.901958
362,Milk,27.942018
363,Milk,16.081748
364,Milk,8.264955
365,Milk,6.165379
366,Milk,3.676194
367,Milk,1.178322
368,Milk,0.947752
369,Milk,57.38227
370,Milk,79.043693
371,Milk,57.63961
372,Milk,45.779067
373,Milk,20.387319
374,Milk,9.999286
375,Milk,7.497241
376,Milk,9.27424
377,Milk,15.599568
379,Milk,6.327739
380,Milk,54.351142
381,Milk,30.650966
382,Milk,49.876018
383,Milk,65.7443
384,Milk,67.162727
385,Milk,107.917793
386,Milk,82.175621
387,Milk,103.425079
388,Milk,93.447746
389,Milk,79.477012
390,Milk,13.252575
391,Milk,50.568546
392,Milk,40.716705
396,Milk,115.990707
405,Milk,9.551406
406,Milk,35.622646
407,Milk,28.255268
408,Milk,38.94474
409,Milk,5.093921
410,Milk,3.388539
411,Milk,2.106063
412,Milk,1.46343
413,Milk,0.960925
414,Milk,64.808677
415,Milk,237.601013
416,Milk,68.246574
417,Milk,39.597358
418,Milk,20.180568
419,Milk,40.351936
420,Milk,25.207653
421,Milk,15.079643
422,Milk,20.491472
423,Milk,21.731569
424,Milk,46.507183
425,Milk,59.630535
426,Milk,52.779151
427,Milk,41.148696
428,Milk,62.673782
429,Milk,67.37033
430,Milk,83.385253
431,Milk,111.598724
432,Milk,95.116653
433,Milk,93.888626
434,Milk,70.178482
435,Milk,7.147164
436,Milk,58.85073
437,Milk,57.308803
445,Milk,46.581428
446,Milk,26.234195
449,Milk,35.007389
450,Milk,43.300769
451,Milk,60.991939
452,Milk,56.877719
453,Milk,43.734916
454,Milk,5.65052
455,Milk,2.503686
456,Milk,1.890541
457,Milk,1.42597
458,Milk,1.522877
460,Milk,227.863769
461,Milk,33.719711
462,Milk,38.977703
463,Milk,85.983505
464,Milk,78.788742
466,Milk,15.04618
467,Milk,36.671848
468,Milk,23.724071
469,Milk,42.473403
470,Milk,51.246662
471,Milk,47.599487
472,Milk,52.094341
473,Milk,47.446571
474,Milk,58.154285
475,Milk,53.497928
476,Milk,84.558959
477,Milk,103.859329
479,Milk,50.23426
480,Milk,7.537936
481,Milk,43.302814
483,Milk,69.862251
485,Milk,21.58534
486,Milk,22.9659
490,Milk,67.804641
493,Milk,62.110305
494,Milk,42.608398
495,Milk,54.407989
496,Milk,56.180072
497,Milk,49.867599
498,Milk,26.439048
499,Milk,15.447127
500,Milk,5.394763
501,Milk,2.098362
502,Milk,4.141574
503,Milk,2.523719
504,Milk,173.873138
505,Milk,102.263648
507,Milk,84.511352
508,Milk,30.290878
509,Milk,65.296287
511,Milk,61.924049
512,Milk,19.618633
513,Milk,34.48846
514,Milk,46.974353
515,Milk,50.077335
516,Milk,51.783744
517,Milk,35.370567
518,Milk,41.484992
519,Milk,63.253723
520,Milk,59.223453
521,Milk,58.814853
522,Milk,86.809288
523,Milk,79.442649
525,Milk,119.604499
526,Milk,53.456485
529,Milk,42.853595
530,Milk,84.102668
531,Milk,55.288692
532,Milk,17.122764
537,Milk,54.972229
538,Milk,26.662525
539,Milk,36.259346
540,Milk,57.439041
541,Milk,17.194061
542,Milk,41.554969
543,Milk,9.307604
545,Milk,3.361683
546,Milk,6.789083
547,Milk,4.244028
548,Milk,2.834045
549,Milk,171.359207
550,Milk,115.639472
551,Milk,88.954063
552,Milk,75.490882
553,Milk,114.458572
554,Milk,74.661392
555,Milk,26.857679
557,Milk,109.218917
558,Milk,63.315689
559,Milk,45.015785
560,Milk,56.643867
561,Milk,65.713401
562,Milk,60.020092
563,Milk,47.906799
564,Milk,24.945226
565,Milk,42.490673
566,Milk,74.866859
567,Milk,45.030448
568,Milk,58.506317
570,Milk,102.635566
573,Milk,55.373397
574,Milk,50.874816
575,Milk,18.204143
576,Milk,24.901014
577,Milk,31.905197
581,Milk,24.919427
582,Milk,30.160039
583,Milk,33.464859
584,Milk,36.72285
585,Milk,35.904804
586,Milk,4.856545
587,Milk,10.865652
588,Milk,9.307604
590,Milk,3.361683
591,Milk,6.789083
592,Milk,4.244028
593,Milk,168.31427
594,Milk,380.827087
595,Milk,145.583969
596,Milk,107.048347
597,Milk,129.307662
598,Milk,84.887863
599,Milk,136.700775
600,Milk,115.292793
601,Milk,27.951021
602,Milk,106.753074
603,Milk,60.612941
604,Milk,74.516563
605,Milk,84.402008
606,Milk,60.814605
607,Milk,49.518638
608,Milk,50.03347
609,Milk,47.696533
610,Milk,71.471633
611,Milk,48.914161
614,Milk,18.1098
616,Milk,9.696061
617,Milk,17.531061
618,Milk,20.97524
619,Milk,26.900171
620,Milk,37.749382
621,Milk,44.738479
622,Milk,49.829242
623,Milk,25.874174
624,Milk,23.172348
625,Milk,37.16109
626,Milk,30.160039
627,Milk,33.464859
628,Milk,36.72285
629,Milk,35.904804
630,Milk,4.856545
631,Milk,10.865652
632,Milk,6.103952
633,Milk,5.047927
634,Milk,7.920051
635,Milk,6.907887
636,Milk,3.688867
637,Milk,168.31427
638,Milk,380.827087
639,Milk,145.583969
640,Milk,107.048347
641,Milk,105.966644
642,Milk,51.924263
643,Milk,62.512413
644,Milk,19.449098
645,Milk,33.23143
646,Milk,21.091976
647,Milk,38.282306
648,Milk,36.645263
649,Milk,61.794555
650,Milk,31.614889
651,Milk,65.072463
652,Milk,62.803451
653,Milk,55.916893
654,Milk,66.099678
655,Milk,55.237117
656,Milk,107.677932
657,Milk,75.85308
660,Milk,9.696061
661,Milk,17.531061
662,Milk,20.97524
663,Milk,26.900171
664,Milk,37.749382
665,Milk,44.738479
666,Milk,49.829242
667,Milk,25.874174
668,Milk,23.172348
669,Milk,37.16109
670,Milk,18.29902
671,Milk,35.090839
672,Milk,38.621612
673,Milk,13.78283
674,Milk,4.811033
675,Milk,6.260983
676,Milk,5.22784
677,Milk,7.858734
678,Milk,7.410373
679,Milk,5.178917
680,Milk,4.685775
681,Milk,123.416709
682,Milk,147.198272
683,Milk,103.998397
684,Milk,115.104515
685,Milk,82.637138
686,Milk,105.966644
687,Milk,51.924263
688,Milk,62.512413
689,Milk,19.449098
690,Milk,33.23143
691,Milk,21.091976
692,Milk,38.282306
693,Milk,36.645263
694,Milk,61.794555
695,Milk,31.614889
696,Milk,65.072463
697,Milk,62.803451
698,Milk,55.916893
699,Milk,66.099678
700,Milk,55.237117
701,Milk,107.677932
702,Milk,75.85308
705,Milk,35.454853
706,Milk,50.683979
707,Milk,77.493705
708,Milk,106.157379
709,Milk,108.365882
710,Milk,131.985534
711,Milk,105.367851
712,Milk,52.724838
713,Milk,40.444507
714,Milk,41.660991
715,Milk,14.698776
716,Milk,31.606292
717,Milk,37.118804
718,Milk,24.986093
719,Milk,6.730668
720,Milk,8.220052
721,Milk,8.033967
723,Milk,6.675067
724,Milk,4.856508
725,Milk,2.681344
726,Milk,176.220504
727,Milk,81.397155
728,Milk,118.893829
729,Milk,116.494018
730,Milk,82.63269
731,Milk,88.089576
732,Milk,48.404022
733,Milk,48.505325
734,Milk,55.475791
735,Milk,81.375511
736,Milk,25.02849
737,Milk,77.765747
738,Milk,59.258548
739,Milk,37.873874
740,Milk,32.750617
741,Milk,47.462512
742,Milk,56.664642
743,Milk,61.062061
744,Milk,54.129474
745,Milk,55.85757
746,Milk,144.967361
747,Milk,34.967411
749,Milk,31.724985
750,Milk,60.78149
751,Milk,76.234672
752,Milk,77.112937
753,Milk,24.361127
754,Milk,34.735595
755,Milk,51.576736
756,Milk,45.896606
757,Milk,55.954753
758,Milk,45.816123
759,Milk,31.191276
760,Milk,89.561508
761,Milk,27.666963
762,Milk,10.265131
763,Milk,11.254596
764,Milk,6.189015
765,Milk,28.385217
766,Milk,15.498856
767,Milk,10.784033
768,Milk,8.367796
769,Milk,1.497925
770,Milk,215.347946
771,Milk,269.344726
772,Milk,109.62915
773,Milk,92.690811
774,Milk,138.336013
775,Milk,109.411689
776,Milk,89.650726
777,Milk,76.427795
778,Milk,62.375415
779,Milk,72.794311
780,Milk,70.730812
781,Milk,58.765449
782,Milk,70.184951
783,Milk,63.697715
784,Milk,57.763134
785,Milk,33.831905
786,Milk,47.921474
787,Milk,70.767601
788,Milk,54.980178
789,Milk,89.287925
790,Milk,19.405786
791,Milk,38.530254
793,Milk,52.973819
794,Milk,39.544101
795,Milk,40.170127
796,Milk,47.747489
797,Milk,21.780439
798,Milk,18.544931
799,Milk,63.408958
800,Milk,48.465278
801,Milk,51.249824
802,Milk,30.999753
803,Milk,45.418525
804,Milk,25.940036
805,Milk,10.913374
806,Milk,31.703533
807,Milk,25.167678
808,Milk,15.773354
809,Milk,17.004175
810,Milk,9.244255
811,Milk,3.527521
812,Milk,348.456207
813,Milk,105.963165
814,Milk,124.039573
815,Milk,123.398742
816,Milk,105.820709
817,Milk,97.384986
818,Milk,79.692596
819,Milk,80.30648
820,Milk,78.267921
821,Milk,76.352478
822,Milk,46.08337
823,Milk,67.726387
824,Milk,50.455757
825,Milk,49.027645
826,Milk,37.150318
827,Milk,86.531555
828,Milk,77.563316
829,Milk,42.97684
830,Milk,53.465496
831,Milk,41.416301
832,Milk,17.270151
834,Milk,54.044776
835,Milk,52.742916
836,Milk,56.126888
837,Milk,52.848197
838,Milk,22.815689
839,Milk,19.733613
840,Milk,72.055671
841,Milk,125.884033
842,Milk,99.775268
843,Milk,41.772533
844,Milk,50.264778
845,Milk,41.032329
846,Milk,30.014631
847,Milk,13.3645
848,Milk,11.362108
849,Milk,26.319309
850,Milk,9.747117
851,Milk,255.966842
852,Milk,261.475494
853,Milk,305.827331
854,Milk,331.405517
855,Milk,118.897598
856,Milk,120.199142
857,Milk,132.103912
858,Milk,113.704048
859,Milk,96.405387
860,Milk,122.165512
861,Milk,101.805999
862,Milk,59.144569
863,Milk,58.673049
864,Milk,64.86444
865,Milk,87.306503
866,Milk,43.185379
867,Milk,64.048675
868,Milk,55.1394
869,Milk,83.079353
870,Milk,37.240577
871,Milk,63.539115
872,Milk,66.593521
873,Milk,177.280334
874,Milk,84.879798
876,Milk,83.121917
877,Milk,60.777023
878,Milk,25.801597
879,Milk,59.618114
880,Milk,25.926317
881,Milk,30.531684
882,Milk,107.276954
883,Milk,107.165817
884,Milk,93.885108
885,Milk,199.345092
886,Milk,33.635143
887,Milk,11.199098
888,Milk,6.8709
889,Milk,20.415241
890,Milk,13.997002
891,Milk,11.750937
892,Milk,10.739025
893,Milk,3.981625
894,Milk,1.217998
895,Milk,248.224945
896,Milk,281.515228
897,Milk,81.112281
898,Milk,81.202301
899,Milk,109.811164
900,Milk,123.318237
901,Milk,118.534454
902,Milk,140.418289
903,Milk,133.047805
904,Milk,97.669372
905,Milk,75.876594
906,Milk,81.597579
907,Milk,72.504997
908,Milk,83.34394
909,Milk,70.082733
910,Milk,60.775398
911,Milk,58.237815
912,Milk,58.758068
913,Milk,40.698013
914,Milk,62.313613
915,Milk,49.948707
916,Milk,42.484981
917,Milk,27.225481
920,Milk,61.894371
921,Milk,43.970748
922,Milk,89.313011
923,Milk,74.11734
924,Milk,86.682968
925,Milk,29.827878
926,Milk,50.147953
927,Milk,69.435249
928,Milk,81.245605
929,Milk,29.214794
930,Milk,10.491178
931,Milk,9.161429
932,Milk,7.348263
933,Milk,15.591337
934,Milk,9.690979
935,Milk,6.191072
936,Milk,1.271548
937,Milk,2.866106
938,Milk,224.24443
939,Milk,107.119804
940,Milk,120.28186
941,Milk,91.806747
942,Milk,110.225952
943,Milk,118.550674
944,Milk,112.493652
945,Milk,102.037666
946,Milk,115.604568
947,Milk,112.155364
948,Milk,89.371788
949,Milk,51.641197
950,Milk,45.166416
951,Milk,49.965751
952,Milk,63.066299
953,Milk,61.767772
954,Milk,56.709438
955,Milk,116.925445
956,Milk,25.929695
957,Milk,15.996594
960,Milk,11.091501
961,Milk,60.791435
962,Milk,61.816848
963,Milk,101.681442
964,Milk,76.840179
965,Milk,95.416465
966,Milk,86.887573
967,Milk,82.65026
968,Milk,190.647888
969,Milk,188.378524
970,Milk,41.261928
971,Milk,40.206012
972,Milk,8.07945
973,Milk,4.744081
974,Milk,7.946042
975,Milk,3.210953
976,Milk,3.12804
977,Milk,2.976415
978,Milk,0.800724
979,Milk,261.695892
980,Milk,300.823608
981,Milk,117.667343
982,Milk,86.724319
983,Milk,114.185432
984,Milk,112.659187
985,Milk,100.597732
986,Milk,120.210517
987,Milk,145.126327
988,Milk,125.15361
989,Milk,100.103401
990,Milk,74.528373
991,Milk,72.8413
992,Milk,58.504455
993,Milk,78.839103
994,Milk,103.754989
995,Milk,79.817802
998,Milk,30.359266
999,Milk,28.44478
1000,Milk,52.158405
1001,Milk,45.153354
1002,Milk,54.625617
1003,Milk,21.672294
1004,Milk,32.787887
1005,Milk,36.733001
1006,Milk,75.519515
1007,Milk,77.682975
1008,Milk,218.788391
1009,Milk,221.511657
1010,Milk,29.709497
1011,Milk,4.440463
1012,Milk,1.47785
1013,Milk,2.630301
1014,Milk,1.255132
1015,Milk,1.606162
1016,Milk,301.344268
1017,Milk,100.12992
1018,Milk,83.682754
1019,Milk,96.808334
1020,Milk,122.399139
1021,Milk,127.003654
1022,Milk,127.701858
1023,Milk,105.478866
1024,Milk,107.567253
1025,Milk,124.333717
1026,Milk,100.228446
1027,Milk,90.11132
1028,Milk,88.174453
1029,Milk,76.46183
1030,Milk,93.589851
1031,Milk,94.825378
1032,Milk,78.276817
1035,Milk,32.686836
1036,Milk,39.359809
1037,Milk,37.733047
1038,Milk,35.071514
1039,Milk,66.906776
1040,Milk,63.389339
1041,Milk,24.622108
1042,Milk,35.645065
1043,Milk,32.374774
1044,Milk,82.048385
1045,Milk,71.115081
1046,Milk,120.046234
1047,Milk,163.672988
1048,Milk,28.084817
1049,Milk,10.913524
1050,Milk,1.076928
1051,Milk,3.061693
1052,Milk,1.163703
1053,Milk,1.307008
1054,Milk,274.590423
1055,Milk,89.136871
1056,Milk,92.560836
1057,Milk,91.212425
1058,Milk,117.450317
1059,Milk,119.424812
1060,Milk,122.061531
1061,Milk,94.88446
1062,Milk,135.315429
1063,Milk,128.668579
1064,Milk,101.66143
1065,Milk,74.057189
1066,Milk,67.36959
1067,Milk,63.352184
1068,Milk,76.756965
1069,Milk,89.375686
1070,Milk,28.254615
1072,Milk,38.934398
1073,Milk,76.843315
1074,Milk,55.240371
1075,Milk,90.033905
1076,Milk,49.385086
1077,Milk,40.159084
1078,Milk,47.585334
1079,Milk,24.377416
1080,Milk,30.787273
1081,Milk,56.596042
1082,Milk,82.155235
1083,Milk,90.625442
1084,Milk,71.76007
1085,Milk,99.090141
1086,Milk,18.81413
1087,Milk,1.826799
1088,Milk,1.22797
1089,Milk,2.49124
1090,Milk,1.336618
1092,Milk,228.105133
1093,Milk,89.329315
1094,Milk,84.741775
1095,Milk,115.530883
1096,Milk,113.700057
1097,Milk,136.095214
1098,Milk,153.863601
1099,Milk,131.539459
1100,Milk,111.473869
1101,Milk,116.078361
1102,Milk,78.123916
1103,Milk,90.146896
1104,Milk,86.108596
1105,Milk,99.316108
1106,Milk,90.968879
1107,Milk,38.467285
1110,Milk,93.199287
1111,Milk,83.569442
1112,Milk,60.224441
1113,Milk,79.390945
1114,Milk,7.536198
1116,Milk,9.924885
1117,Milk,73.959098
1118,Milk,23.709135
1119,Milk,67.670257
1120,Milk,68.672363
1121,Milk,100.623245
1122,Milk,71.511077
1123,Milk,65.580734
1124,Milk,21.226213
1125,Milk,1.826799
1126,Milk,1.22797
1127,Milk,2.49124
1128,Milk,1.336618
1129,Milk,228.105133
1130,Milk,90.24617
1131,Milk,85.898223
1132,Milk,92.949234
1133,Milk,112.121299
1134,Milk,150.314514
1135,Milk,175.502975
1136,Milk,178.890029
1137,Milk,147.133316
1138,Milk,145.188354
1139,Milk,94.230041
1140,Milk,43.731918
1141,Milk,42.132316
1142,Milk,29.613773
1143,Milk,23.591815
1144,Milk,24.399604
1145,Milk,98.843429
1146,Milk,88.15216
1147,Milk,92.574455
1148,Milk,103.688591
1149,Milk,55.170047
1150,Milk,63.832271
1153,Milk,49.297046
1154,Milk,64.121467
1155,Milk,47.800765
1156,Milk,83.997444
1157,Milk,63.765754
1158,Milk,52.632663
1159,Milk,67.179237
1160,Milk,69.663467
1161,Milk,67.583374
1162,Milk,21.226213
1163,Milk,2.535338
1164,Milk,4.019758
1165,Milk,10.03604
1166,Milk,241.417282
1167,Milk,90.24617
1168,Milk,85.898223
1169,Milk,92.949234
1170,Milk,112.121299
1171,Milk,150.314514
1172,Milk,175.502975
1173,Milk,178.890029
1174,Milk,147.133316
1175,Milk,145.188354
1176,Milk,94.230041
1177,Milk,43.731918
1178,Milk,42.132316
1179,Milk,29.613773
1180,Milk,16.450296
1181,Milk,52.469631
1182,Milk,99.554191
1183,Milk,94.060478
1184,Milk,94.874488
1185,Milk,108.009307
1186,Milk,55.170047
1187,Milk,63.832271
1190,Milk,49.297046
1191,Milk,64.121467
1192,Milk,47.800765
1193,Milk,83.997444
1194,Milk,63.765754
1195,Milk,52.632663
1196,Milk,67.179237
1197,Milk,69.663467
1198,Milk,67.583374
1199,Milk,335.272949
1200,Milk,83.169212
1201,Milk,95.495178
1202,Milk,88.642372
1203,Milk,112.722778
1204,Milk,147.213134
1205,Milk,116.586807
1206,Milk,137.203048
1207,Milk,40.142169
1208,Milk,27.430097
1209,Milk,21.000226
1210,Milk,65.690742
1211,Milk,53.964015
1212,Milk,16.450296
1213,Milk,52.469631
1214,Milk,99.554191
1215,Milk,94.060478
1216,Milk,94.874488
1217,Milk,108.009307
1218,Milk,101.667312
1219,Milk,21.283874
1222,Milk,59.455593
1223,Milk,61.908164
1224,Milk,81.41468
1225,Milk,28.015245
1226,Milk,54.609779
1227,Milk,89.840797
1228,Milk,95.275283
1229,Milk,85.219955
1230,Milk,57.512813
1231,Milk,235.430587
1232,Milk,75.141944
1233,Milk,95.226867
1234,Milk,100.530807
1235,Milk,61.900066
1236,Milk,26.220243
1237,Milk,16.954748
1238,Milk,34.696552
1239,Milk,67.613105
1240,Milk,80.083068
1241,Milk,63.791324
1242,Milk,75.924697
1243,Milk,12.618872
1244,Milk,97.77777
1245,Milk,143.678588
1246,Milk,103.532638
1247,Milk,114.174537
1248,Milk,116.625289
1249,Milk,114.37992
1250,Milk,38.845661
1251,Milk,70.829566
1252,Milk,145.872146
1253,Milk,80.20137
1254,Milk,85.830345
1255,Milk,93.243041
1256,Milk,80.921272
1257,Milk,115.045829
1258,Milk,47.680984
1259,Milk,89.712928
1260,Milk,80.965362
1261,Milk,74.784965
1262,Milk,139.425079
1263,Milk,116.882453
1264,Milk,240.812438
1265,Milk,249.641128
1266,Milk,73.022331
1267,Milk,92.760421
1268,Milk,85.786605
1269,Milk,51.761779
1270,Milk,90.004531
1271,Milk,103.656341
1272,Milk,100.070579
1273,Milk,99.665313
1274,Milk,98.914398
1275,Milk,99.693367
1276,Milk,87.131645
1277,Milk,22.996763
1278,Milk,37.143623
1279,Milk,131.062805
1280,Milk,118.786987
1281,Milk,106.871658
1282,Milk,117.927734
1283,Milk,83.376754
1284,Milk,52.298446
1285,Milk,84.86238
1286,Milk,85.827232
1287,Milk,96.550338
1288,Milk,84.725494
1289,Milk,101.687431
1290,Milk,60.934928
1291,Milk,89.479988
1292,Milk,92.476516
1293,Milk,34.168827
1294,Milk,102.496086
1295,Milk,91.755584
1296,Milk,104.293693
1297,Milk,94.564193
1298,Milk,39.927806
1299,Milk,65.673866
1300,Milk,70.674674
1301,Milk,283.634521
1302,Milk,31.635507
1303,Milk,15.603843
1304,Milk,19.519611
1305,Milk,28.344751
1306,Milk,44.163547
1307,Milk,102.589439
1308,Milk,87.705474
1309,Milk,70.592178
1310,Milk,70.338554
1311,Milk,101.309669
1312,Milk,94.497817
1313,Milk,130.262725
1314,Milk,36.986751
1315,Milk,70.502952
1316,Milk,90.106597
1317,Milk,109.222274
1318,Milk,121.695175
1319,Milk,103.075019
1320,Milk,80.313056
1321,Milk,82.35131
1322,Milk,90.427291
1323,Milk,58.038127
1324,Milk,74.084342
1325,Milk,92.797065
1326,Milk,124.614692
1327,Milk,109.277381
1328,Milk,103.037872
1329,Milk,108.564849
1330,Milk,46.025012
1331,Milk,102.158287
1332,Milk,92.241691
1333,Milk,106.371513
1334,Milk,63.004039
1335,Milk,17.594196
1336,Milk,44.824619
1337,Milk,24.694095
1338,Milk,39.195182
1339,Milk,53.725788
1340,Milk,46.266578
1341,Milk,121.940315
1342,Milk,36.386135
1343,Milk,93.260589
1344,Milk,80.069564
1345,Milk,87.728309
1346,Milk,64.915649
1347,Milk,51.069046
1348,Milk,66.647872
1349,Milk,95.631813
1350,Milk,82.426109
1351,Milk,133.914764
1352,Milk,139.75357
1353,Milk,47.972354
1354,Milk,29.482563
1355,Milk,123.252937
1356,Milk,122.379898
1357,Milk,108.092834
1358,Milk,122.352416
1359,Milk,27.861942
1360,Milk,53.455062
1361,Milk,45.150657
1362,Milk,44.41431
1363,Milk,71.313789
1364,Milk,62.552776
1365,Milk,111.64289
1366,Milk,126.299354
1367,Milk,119.755844
1368,Milk,79.085273
1369,Milk,50.080646
1370,Milk,72.09513
1371,Milk,85.449211
1372,Milk,61.339881
1373,Milk,36.061664
1374,Milk,53.875633
1375,Milk,65.165161
1376,Milk,21.477071
1377,Milk,31.198158
1378,Milk,73.317497
1379,Milk,15.815899
1380,Milk,231.611358
1381,Milk,177.361602
1382,Milk,132.229156
1383,Milk,154.212097
1384,Milk,73.108367
1385,Milk,94.786674
1386,Milk,138.263092
1387,Milk,88.639846
1388,Milk,53.403816
1389,Milk,36.28038
1390,Milk,60.028312
1391,Milk,63.763442
1392,Milk,90.497764
1393,Milk,117.377723
1394,Milk,114.893013
1395,Milk,106.184318
1396,Milk,27.143377
1397,Milk,126.398452
1398,Milk,105.807617
1399,Milk,106.071792
1400,Milk,76.509437
1401,Milk,45.641563
1402,Milk,68.461578
1403,Milk,34.434635
1404,Milk,83.76152
1405,Milk,115.045783
1406,Milk,119.326492
1407,Milk,147.421676
1408,Milk,97.800689
1409,Milk,128.575485
1410,Milk,44.258975
1411,Milk,37.097938
1412,Milk,49.447875
1413,Milk,69.882316
1414,Milk,94.230079
1415,Milk,60.363681
1416,Milk,85.962348
1417,Milk,46.424091
1418,Milk,37.961624
1419,Milk,70.879722
1420,Milk,14.248223
1421,Milk,29.50884
1422,Milk,64.595657
1423,Milk,231.48236
1424,Milk,270.321472
1425,Milk,88.16967
1426,Milk,30.464717
1429,Milk,51.81007
1430,Milk,70.249626
1431,Milk,72.387641
1432,Milk,72.339187
1433,Milk,85.235336
1434,Milk,68.199768
1435,Milk,77.352317
1436,Milk,62.669059
1437,Milk,71.598907
1438,Milk,115.97377
1439,Milk,121.687492
1440,Milk,130.813415
1441,Milk,140.174575
1442,Milk,27.05101
1443,Milk,101.671356
1444,Milk,103.785903
1445,Milk,95.174659
1446,Milk,65.155998
1447,Milk,79.173217
1448,Milk,34.463741
1449,Milk,86.895187
1450,Milk,119.986228
1451,Milk,112.494979
1452,Milk,124.237892
1453,Milk,122.115104
1454,Milk,127.763343
1455,Milk,129.443298
1456,Milk,49.151092
1457,Milk,36.013126
1458,Milk,46.687564
1459,Milk,45.772136
1460,Milk,52.475502
1461,Milk,100.720344
1462,Milk,102.517913
1463,Milk,56.034595
1464,Milk,37.433349
1465,Milk,30.276344
1466,Milk,21.364757
1467,Milk,44.535251
1468,Milk,34.145679
1469,Milk,71.052345
1470,Milk,161.414978
1471,Milk,145.357238
1472,Milk,23.814447
1473,Milk,93.029136
1474,Milk,91.274932
1475,Milk,122.480102
1476,Milk,113.614997
1477,Milk,84.100418
1478,Milk,87.450813
1479,Milk,66.32624
1480,Milk,82.131912
1481,Milk,78.910377
1482,Milk,116.895843
1483,Milk,92.005233
1484,Milk,64.646888
1485,Milk,68.325736
1486,Milk,132.391265
1487,Milk,130.696624
1488,Milk,171.594238
1489,Milk,33.336929
1490,Milk,21.32382
1491,Milk,136.320541
1492,Milk,114.456909
1493,Milk,57.853088
1494,Milk,57.487255
1495,Milk,27.408288
1496,Milk,63.760387
1497,Milk,115.173614
1498,Milk,117.209548
1499,Milk,97.666587
1500,Milk,151.998153
1501,Milk,135.340347
1502,Milk,113.847145
1503,Milk,113.883743
1504,Milk,85.741317
1505,Milk,47.107089
1506,Milk,43.764881
1507,Milk,64.464111
1508,Milk,52.453853
1509,Milk,69.976127
1510,Milk,82.518348
1511,Milk,51.359439
1512,Milk,64.591407
1513,Milk,95.887931
1514,Milk,38.52843
1515,Milk,65.329345
1516,Milk,34.421894
1517,Milk,21.596096
1518,Milk,15.178118
1519,Milk,203.904693
1520,Milk,21.629737
1521,Milk,46.866622
1522,Milk,68.707504
1523,Milk,94.953224
1524,Milk,94.717216
1525,Milk,106.3964
1526,Milk,112.661827
1527,Milk,112.329643
1528,Milk,123.10691
1529,Milk,121.595062
1530,Milk,74.608917
1531,Milk,46.576431
1532,Milk,88.039207
1533,Milk,71.705497
1534,Milk,64.900062
1535,Milk,68.009887
1536,Milk,138.987045
1537,Milk,142.494903
1538,Milk,154.270935
1539,Milk,15.152007
1540,Milk,37.756637
1541,Milk,155.379531
1542,Milk,166.705993
1543,Milk,38.478725
1544,Milk,34.880912
1547,Milk,114.227058
1548,Milk,122.393249
1549,Milk,117.301483
1550,Milk,125.644409
1551,Milk,120.219421
1552,Milk,117.320899
1553,Milk,106.972671
1554,Milk,83.275611
1555,Milk,48.671237
1556,Milk,41.847217
1557,Milk,40.235931
1558,Milk,54.179931
1559,Milk,63.028045
1560,Milk,79.557807
1561,Milk,52.01815
1562,Milk,53.608882
1563,Milk,111.614089
1564,Milk,62.36631
1565,Milk,53.479373
1566,Milk,25.612283
1567,Milk,46.011032
1568,Milk,21.829952
1569,Milk,71.922637
1570,Milk,172.552124
1571,Milk,126.139297
1572,Milk,16.319726
1573,Milk,66.42443
1574,Milk,78.87149
1575,Milk,71.388359
1576,Milk,95.767875
1577,Milk,101.324813
1578,Milk,96.887138
1579,Milk,107.661399
1580,Milk,118.760818
1581,Milk,124.475456
1582,Milk,115.186851
1583,Milk,88.038909
1584,Milk,80.993782
1585,Milk,78.703773
1586,Milk,80.383651
1587,Milk,129.595825
1588,Milk,181.222351
1589,Milk,139.097671
1590,Milk,136.72322
1591,Milk,21.312166
1592,Milk,51.859359
1593,Milk,166.732406
1594,Milk,81.473114
1595,Milk,47.015125
1596,Milk,13.502636
1599,Milk,67.055786
1600,Milk,108.56639
1601,Milk,116.957603
1602,Milk,128.694549
1603,Milk,114.4775
1604,Milk,103.838706
1605,Milk,90.246826
1606,Milk,90.854125
1607,Milk,29.988712
1608,Milk,42.448638
1609,Milk,47.647895
1610,Milk,61.758758
1611,Milk,50.065315
1612,Milk,64.281333
1613,Milk,65.541755
1614,Milk,86.453735
1615,Milk,51.479137
1616,Milk,23.011432
1617,Milk,53.130081
1618,Milk,13.860742
1619,Milk,13.279282
1620,Milk,17.131008
1621,Milk,61.64186
1622,Milk,172.552124
1623,Milk,126.139297
1624,Milk,16.319726
1625,Milk,70.761817
1626,Milk,77.0205
1627,Milk,58.4449
1628,Milk,67.554153
1629,Milk,112.586891
1630,Milk,100.211967
1631,Milk,114.221191
1632,Milk,125.468971
1633,Milk,85.317291
1634,Milk,107.273063
1635,Milk,98.408943
1636,Milk,106.1138
1637,Milk,141.76625
1638,Milk,79.930313
1639,Milk,73.714935
1640,Milk,178.569458
1641,Milk,161.300628
1642,Milk,33.78976
1643,Milk,18.048927
1644,Milk,103.730171
1645,Milk,145.282958
1646,Milk,84.513664
1647,Milk,25.624433
1648,Milk,26.251861
1649,Milk,134.693588
1650,Milk,105.789924
1651,Milk,93.644615
1652,Milk,132.044052
1653,Milk,144.057937
1654,Milk,140.924041
1655,Milk,105.030609
1656,Milk,105.896034
1657,Milk,91.571128
1658,Milk,95.243423
1659,Milk,60.591648
1660,Milk,43.723209
1661,Milk,54.199264
1662,Milk,45.041625
1663,Milk,66.645698
1664,Milk,91.08966
1665,Milk,71.89743
1666,Milk,54.166786
1667,Milk,51.479137
1668,Milk,23.011432
1669,Milk,53.130081
1670,Milk,13.860742
1671,Milk,13.279282
1672,Milk,17.131008
1673,Milk,61.64186
1674,Milk,247.082443
1675,Milk,67.263
1676,Milk,70.761817
1677,Milk,77.0205
1678,Milk,58.4449
1679,Milk,67.554153
1680,Milk,112.586891
1681,Milk,100.211967
1682,Milk,114.221191
1683,Milk,125.468971
1684,Milk,96.60305
1685,Milk,107.584823
1686,Milk,97.625068
1687,Milk,108.486297
1688,Milk,116.309898
1689,Milk,120.495292
1690,Milk,64.349418
1691,Milk,154.051834
1692,Milk,200.766754
1693,Milk,36.163631
1694,Milk,56.24747
1695,Milk,124.446586
1696,Milk,161.567413
1697,Milk,89.299819
1698,Milk,105.869552
1699,Milk,98.655166
1700,Milk,131.383422
1701,Milk,138.660629
1702,Milk,110.297531
1703,Milk,85.934089
1704,Milk,95.712799
1705,Milk,131.267471
1706,Milk,120.040664
1707,Milk,80.306076
1708,Milk,85.093727
1709,Milk,85.509704
1710,Milk,73.767532
1711,Milk,43.723209
1712,Milk,54.199264
1713,Milk,45.041625
1714,Milk,66.645698
1715,Milk,91.08966
1716,Milk,71.89743
1717,Milk,54.166786
1718,Milk,52.99036
1719,Milk,68.735931
1720,Milk,20.366283
1721,Milk,52.819026
1722,Milk,24.689228
1723,Milk,82.719596
1724,Milk,37.823684
1725,Milk,241.693191
1726,Milk,65.293464
1727,Milk,67.962661
1728,Milk,88.39257
1729,Milk,65.765945
1730,Milk,107.318054
1731,Milk,121.657928
1732,Milk,115.599037
1733,Milk,134.644729
1734,Milk,124.991645
1735,Milk,96.60305
1736,Milk,107.584823
1737,Milk,97.625068
1738,Milk,108.486297
1739,Milk,116.309898
1740,Milk,120.495292
1741,Milk,64.349418
1742,Milk,154.051834
1743,Milk,200.766754
1744,Milk,36.163631
1745,Milk,56.24747
1746,Milk,124.446586
1747,Milk,161.567413
1748,Milk,89.299819
1749,Milk,105.869552
1750,Milk,98.655166
1751,Milk,131.383422
1752,Milk,138.660629
1753,Milk,110.297531
1754,Milk,85.934089
1755,Milk,95.712799
1756,Milk,131.267471
1757,Milk,120.040664
1758,Milk,80.306076
1759,Milk,85.093727
1760,Milk,85.509704
1761,Milk,73.767532
1762,Milk,62.175682
1763,Milk,46.000991
1764,Milk,70.53067
1765,Milk,80.022636
1766,Milk,69.374046
1767,Milk,48.928627
1768,Milk,47.316867
1769,Milk,65.855667
1770,Milk,83.857437
1771,Milk,91.309242
1772,Milk,78.337234
1773,Milk,66.332458
1774,Milk,29.035188
1775,Milk,49.92276
1776,Milk,79.149795
1777,Milk,397.772521
1778,Milk,328.847503
1779,Milk,56.059734
1780,Milk,73.387351
1781,Milk,73.693954
1782,Milk,86.931327
1783,Milk,107.540458
1784,Milk,111.489555
1785,Milk,129.799575
1786,Milk,127.359817
1787,Milk,125.287193
1788,Milk,136.345565
1789,Milk,140.966522
1790,Milk,290.476226
1791,Milk,148.265304
1792,Milk,127.392135
1793,Milk,32.517726
1794,Milk,164.396514
1795,Milk,189.198516
1796,Milk,28.85367
1797,Milk,102.690727
1798,Milk,120.55838
1799,Milk,131.373611
1800,Milk,117.318344
1801,Milk,99.201469
1802,Milk,80.081909
1803,Milk,113.389175
1804,Milk,111.725791
1805,Milk,98.779975
1806,Milk,78.636039
1807,Milk,79.474792
1808,Milk,85.954612
1809,Milk,104.97071
1810,Milk,111.601348
1811,Milk,94.97792
1812,Milk,89.811614
1813,Milk,86.530067
1814,Milk,61.035945
1815,Milk,44.318096
1816,Milk,70.380584
1817,Milk,78.851768
1818,Milk,80.890541
1819,Milk,68.423439
1820,Milk,74.474456
1821,Milk,62.914608
1822,Milk,81.605804
1823,Milk,14.852688
1824,Milk,65.899658
1825,Milk,80.088218
1826,Milk,52.776405
1827,Milk,52.099411
1828,Milk,30.047424
1829,Milk,35.289691
1830,Milk,39.72026
1831,Milk,369.975372
1832,Milk,228.9272
1833,Milk,85.209846
1834,Milk,86.539421
1835,Milk,93.522186
1836,Milk,139.757263
1837,Milk,123.53099
1838,Milk,122.405181
1839,Milk,141.484436
1840,Milk,144.117324
1841,Milk,144.266433
1842,Milk,151.666687
1843,Milk,99.894607
1844,Milk,78.952026
1845,Milk,197.556777
1846,Milk,122.963127
1847,Milk,12.925314
1848,Milk,93.854019
1849,Milk,138.981735
1850,Milk,128.991622
1851,Milk,113.52388
1852,Milk,154.349594
1853,Milk,136.215194
1854,Milk,107.048873
1855,Milk,99.827621
1856,Milk,113.208694
1857,Milk,95.242736
1858,Milk,91.474494
1859,Milk,80.095069
1860,Milk,97.966072
1861,Milk,97.643936
1862,Milk,85.576423
1863,Milk,62.832412
1864,Milk,75.961822
1865,Milk,49.410991
1866,Milk,32.637741
1867,Milk,51.835338
1868,Milk,89.7303
1869,Milk,60.456558
1870,Milk,73.881637
1871,Milk,91.714813
1872,Milk,78.451293
1873,Milk,75.039955
1874,Milk,30.084775
1875,Milk,28.268907
1876,Milk,42.601535
1877,Milk,50.161891
1878,Milk,44.957431
1879,Milk,35.681797
1880,Milk,44.708351
1881,Milk,321.002227
1882,Milk,90.883628
1883,Milk,105.814949
1884,Milk,114.743537
1885,Milk,128.457611
1886,Milk,128.258941
1887,Milk,120.267013
1888,Milk,149.654754
1889,Milk,179.558731
1890,Milk,133.923767
1891,Milk,140.00592
1892,Milk,170.003799
1893,Milk,148.338195
1894,Milk,198.925689
1895,Milk,94.459312
1896,Milk,8.452933
1897,Milk,25.164976
1898,Milk,120.069801
1899,Milk,120.74633
1900,Milk,142.6763
1901,Milk,103.107482
1902,Milk,65.311973
1903,Milk,75.64447
1904,Milk,113.252716
1905,Milk,119.618026
1906,Milk,88.315963
1907,Milk,102.486564
1908,Milk,98.181289
1909,Milk,100.154472
1910,Milk,90.422752
1911,Milk,60.137126
1912,Milk,53.77153
1913,Milk,19.789064
1914,Milk,7.686174
1915,Milk,13.209139
1916,Milk,70.369354
1917,Milk,84.85334
1918,Milk,92.816978
1919,Milk,62.712692
1920,Milk,89.114257
1921,Milk,58.285274
1922,Milk,33.228275
1923,Milk,33.793548
1924,Milk,35.981193
1925,Milk,67.382156
1926,Milk,100.376396
1927,Milk,45.627666
1928,Milk,28.496355
1929,Milk,8.19792
1930,Milk,367.692321
1931,Milk,97.581947
1932,Milk,119.144203
1933,Milk,117.830093
1934,Milk,113.023063
1935,Milk,124.035614
1936,Milk,121.374343
1937,Milk,155.046066
1938,Milk,154.681533
1939,Milk,174.042984
1940,Milk,149.425628
1941,Milk,153.449966
1942,Milk,142.440963
1943,Milk,168.102508
1944,Milk,145.956741
1945,Milk,36.077526
1946,Milk,24.338457
1947,Milk,70.016815
1948,Milk,116.937606
1949,Milk,131.618423
1950,Milk,91.387962
1951,Milk,97.703605
1952,Milk,104.034919
1953,Milk,108.160697
1954,Milk,88.516151
1955,Milk,53.17152
1956,Milk,74.388969
1957,Milk,103.669891
1958,Milk,55.648227
1959,Milk,82.322952
1960,Milk,51.556648
1961,Milk,75.458869
1962,Milk,30.475786
1963,Milk,25.030292
1964,Milk,51.368236
1965,Milk,69.686256
1966,Milk,77.560676
1967,Milk,35.283454
1968,Milk,34.151103
1969,Milk,24.535463
1970,Milk,28.831947
1971,Milk,37.380222
1972,Milk,34.979873
1973,Milk,47.524147
1974,Milk,29.876026
1975,Milk,34.336277
1976,Milk,396.844787
1977,Milk,299.620544
1978,Milk,287.240203
1979,Milk,276.383544
1980,Milk,93.205177
1981,Milk,292.632934
1982,Milk,313.67041
1983,Milk,110.610671
1984,Milk,167.685897
1985,Milk,125.587394
1986,Milk,132.179748
1987,Milk,178.600494
1988,Milk,164.953582
1989,Milk,155.105407
1990,Milk,134.699783
1991,Milk,51.218513
1992,Milk,32.658645
1993,Milk,81.012199
1994,Milk,129.451812
1995,Milk,116.127075
1996,Milk,81.340614
1997,Milk,30.341043
1998,Milk,144.342193
1999,Milk,39.461391
2000,Milk,28.713123
2001,Milk,45.28374
2002,Milk,57.747661
2003,Milk,9.633109
2004,Milk,12.283544
2005,Milk,268.613677
2006,Milk,333.759216
2007,Milk,172.462844
2008,Milk,114.720817
2009,Milk,162.889572
2010,Milk,188.1996
2011,Milk,180.374145
2012,Milk,157.453582
2013,Milk,191.206008
2014,Milk,52.046154
2015,Milk,20.794258
2016,Milk,156.478973
2017,Milk,271.377319
2018,Milk,12.690565
2019,Milk,270.54364
2020,Milk,151.857055
2021,Milk,186.040435
2022,Milk,146.376022
2023,Milk,164.627349
2024,Milk,159.384704
2025,Milk,188.886642
2026,Milk,165.680328
2027,Milk,148.126129
2028,Milk,200.244674
2029,Milk,49.240657
2030,Milk,14.723153
2031,Milk,120.098777
2032,Milk,296.013519
2033,Milk,246.347564
2034,Milk,267.1427
2035,Milk,154.138336
2036,Milk,165.724502
2037,Milk,87.25724
2038,Milk,110.636077
2039,Milk,182.959533
2040,Milk,135.443588
2041,Milk,189.303558
2042,Milk,171.047866
2043,Milk,183.79692
2044,Milk,62.591548
2045,Milk,8.367275
2046,Milk,53.699764
2047,Milk,274.205352
2048,Milk,148.325347
2049,Milk,160.508056
2050,Milk,140.126754
2051,Milk,165.643127
2052,Milk,157.290298
2053,Milk,149.90892
2054,Milk,135.445373
2055,Milk,123.739997
2056,Milk,174.01358
2057,Milk,153.026245
2058,Milk,169.342285
2059,Milk,206.284957
2060,Milk,138.787841
2061,Milk,105.34069
2062,Milk,52.067939
2063,Milk,36.936347
2064,Milk,142.681289
2065,Milk,170.441207
2066,Milk,99.498435
2067,Milk,196.61116
2068,Milk,170.626907
2069,Milk,163.466491
2070,Milk,151.955917
2071,Milk,141.630828
2072,Milk,148.908599
2073,Milk,172.125762
2074,Milk,163.862213
2075,Milk,156.530212
2076,Milk,166.032394
2077,Milk,63.154262
2078,Milk,154.061691
2079,Milk,73.711486
2080,Milk,41.096488
2081,Milk,322.44223
2082,Milk,373.768768
2083,Milk,136.399826
2084,Milk,156.029418
2085,Milk,179.442932
2086,Milk,194.020553
2087,Milk,122.316184
2088,Milk,148.767517
2089,Milk,130.033737
2090,Milk,141.066146
2091,Milk,150.927566
2092,Milk,185.307846
2093,Milk,119.610069
2094,Milk,177.817123
2095,Milk,148.518844
2096,Milk,137.799255
2097,Milk,143.529144
2098,Milk,35.843845
2099,Milk,14.102766
2100,Milk,372.652618
2101,Milk,360.236938
2102,Milk,333.770446
2103,Milk,89.165748
2104,Milk,136.399826
2105,Milk,156.029418
2106,Milk,179.442932
2107,Milk,194.020553
2108,Milk,122.316184
2109,Milk,148.767517
2110,Milk,130.033737
2111,Milk,141.066146
2112,Milk,150.927566
2113,Milk,150.395965
2114,Milk,177.119003
2115,Milk,95.493919
2116,Milk,85.736587
2117,Milk,97.356842
2118,Milk,119.759025
2119,Milk,75.221092
2120,Milk,6.216318
2121,Milk,347.950317
2122,Milk,331.369201
2123,Milk,322.102111
2124,Milk,96.118247
2125,Milk,151.476486
2126,Milk,153.95021
2127,Milk,142.742477
2128,Milk,169.668258
2129,Milk,136.795822
2130,Milk,153.068099
2131,Milk,92.624076
2132,Milk,167.728042
2133,Milk,121.416702
2134,Milk,180.554061
2135,Milk,150.395965
2136,Milk,177.119003
2137,Milk,95.493919
2138,Milk,85.736587
2139,Milk,97.356842
2140,Milk,119.759025
2141,Milk,75.221092
2142,Milk,6.216318
2143,Milk,348.861663
2144,Milk,131.634674
2145,Milk,153.863311
2146,Milk,161.494247
2147,Milk,152.005691
2148,Milk,127.56742
2149,Milk,167.593002
2150,Milk,180.110473
2151,Milk,127.119445
2152,Milk,147.975997
2153,Milk,109.788726
2154,Milk,97.449592
2155,Milk,122.741729
2156,Milk,164.50708
2157,Milk,143.491119
2158,Milk,88.045997
2159,Milk,100.339546
2160,Milk,133.097366
2161,Milk,92.919204
2162,Milk,107.036773
2163,Milk,122.055679
2164,Milk,24.042602
2165,Milk,21.406595
2166,Milk,117.929183
2167,Milk,157.153656
2168,Milk,169.505981
2169,Milk,141.300857
2170,Milk,156.746536
2171,Milk,167.591033
2172,Milk,137.519714
2173,Milk,120.840667
2174,Milk,149.033172
2175,Milk,133.667037
2176,Milk,147.93605
2177,Milk,112.481056
2178,Milk,56.798316
2179,Milk,106.487251
2180,Milk,119.821594
2181,Milk,150.210937
2182,Milk,74.260597
2183,Milk,116.70623
2184,Milk,101.555038
2185,Milk,159.870651
2186,Milk,44.958282
2187,Milk,384.97052
2188,Milk,137.765487
2189,Milk,165.025878
2190,Milk,183.19757
2191,Milk,140.249633
2192,Milk,173.126083
2193,Milk,148.237396
2194,Milk,105.288864
2195,Milk,135.477493
2196,Milk,117.26728
2197,Milk,123.019905
2198,Milk,126.971328
2199,Milk,37.099105
2200,Milk,126.931922
2201,Milk,134.88475
2202,Milk,239.441757
2203,Milk,189.248703
2204,Milk,244.859146
2205,Milk,146.441055
2206,Milk,132.158035
2207,Milk,291.128601
2208,Milk,382.19934
2209,Milk,150.52507
2210,Milk,178.023651
2211,Milk,150.270751
2212,Milk,168.567031
2213,Milk,167.017028
2214,Milk,108.435722
2215,Milk,110.577865
2216,Milk,107.015426
2217,Milk,114.807296
2218,Milk,128.147613
2219,Milk,96.002288
2220,Milk,73.400787
2221,Milk,119.210083
2222,Milk,294.452728
2223,Milk,89.872245
2224,Milk,129.365234
2225,Milk,448.409057
2226,Milk,395.522216
2227,Milk,103.618515
2228,Milk,107.782066
2229,Milk,103.140853
2230,Milk,89.579353
2231,Milk,99.131301
2232,Milk,113.683494
2233,Milk,131.354736
2234,Milk,77.251098
2235,Milk,98.907508
2236,Milk,117.782653
2237,Milk,360.054199
2238,Milk,240.368682
2239,Milk,108.185401
2240,Milk,92.426803
2241,Milk,94.263755
2242,Milk,56.106464
2243,Milk,178.273971
2244,Milk,129.027618
2245,Milk,225.827865
2246,Milk,169.255493
2247,Milk,130.128051
2248,Milk,259.468719
2249,Milk,258.626251
2250,Milk,122.719421
2251,Milk,98.10427
2252,Milk,500.48059
2253,Milk,93.963424
2254,Milk,136.80577
2255,Milk,150.271835
2256,Milk,266.583618
2257,Milk,171.680023
2258,Milk,367.652282
2259,Milk,108.683685
2260,Milk,403.642669
2261,Milk,473.589477
2262,Milk,256.856079
2263,Milk,144.589492
2264,Milk,75.871665
2265,Milk,64.496719
2266,Milk,346.791809
2267,Milk,374.46289
